t,mRNA_R,A,R,PrmA,PrmR,C,PrmA_bound,PrmR_bound,mRNA_A_
0.00000000000000000E+00,0.00000000000000000E+00,0.00000000000000000E+00,0.00000000000000000E+00,3.96424433304223270E-04,3.96424433304223270E-04,0.00000000000000000E+00,0.00000000000000000E+00,0.00000000000000000E+00,0.00000000000000000E+00
5.00000000000000000E-01,1.10364386209326338E-03,7.94297496393052416E-02,6.37010313487447455E-05,2.07038616710071105E-04,2.70653450138199107E-04,6.79725265047990772E-04,1.89385816594152029E-04,1.25770983166024081E-04,8.39810013834380725E-03
1.00000000000000000E+00,5.32172015315027225E-03,2.90344098996191180E-01,9.93908543805090854E-05,8.86166585713674500E-05,1.44737839612915089E-04,8.23737400209426790E-03,3.07807774732855345E-04,2.51686593691308072E-04,1.51769408033905866E-02
1.50000000000000000E+00,1.02759431359268731E-02,4.74764006132532224E-01,1.38145903101826123E-04,5.91012789617298778E-05,1.02848046976445956E-04,2.77295027857117141E-02,3.37323154342492775E-04,2.93576386327777097E-04,1.69792730197881533E-02
2.00000000000000000E+00,1.47003263849868771E-02,5.86687945492319174E-01,1.87355713558756351E-04,4.91750641147491706E-05,8.74914159935310376E-05,5.90362602368736875E-02,3.47249369189473638E-04,3.08933017310691947E-04,1.75429848632855240E-02
2.50000000000000000E+00,1.83597001458266906E-02,6.38857918757207877E-01,2.49588111641806337E-04,4.56026617417092212E-05,8.17945527167374060E-05,1.00438599084746435E-01,3.50821771562513771E-04,3.14629880587485552E-04,1.77471030476440729E-02
3.00000000000000000E+00,2.12760794658356407E-02,6.48233860907190262E-01,3.28096480112921314E-04,4.50078063423696968E-05,8.08380717305710010E-05,1.50023059273247245E-01,3.51416626961853430E-04,3.15586361573652011E-04,1.77963030302406601E-02
3.50000000000000000E+00,2.35320111934566450E-02,6.27936551887088301E-01,4.27572048682266475E-04,4.62851550606185216E-05,8.28937227334075794E-05,2.06024282978621687E-01,3.50139278243604551E-04,3.13530710570815473E-04,1.77541830306739180E-02
4.00000000000000000E+00,2.52150784649599544E-02,5.87129748023154985E-01,5.55135402538140302E-04,4.90960671379409778E-05,8.73745033084488129E-05,2.66892645817259078E-01,3.47328366166282075E-04,3.09049929995774226E-04,1.76412588566347110E-02
4.50000000000000000E+00,2.63993637201970603E-02,5.31960004534498543E-01,7.22240471410526795E-04,5.34911447531167264E-05,9.42682583466199073E-05,3.31277612804203980E-01,3.42933288551106313E-04,3.02156174957603186E-04,1.74583750092462860E-02
5.00000000000000000E+00,2.71375593090386856E-02,4.66393735461609893E-01,9.48740700687866669E-04,5.98606572597158430E-05,1.04023977156855488E-04,3.97978467155343685E-01,3.36563776044507203E-04,2.92400456147367659E-04,1.71912078326046276E-02
5.50000000000000000E+00,2.74542589549201903E-02,3.92749788617920037E-01,1.27282985217920877E-03,6.91011614204292164E-05,1.17704772473921631E-04,4.65871687154905734E-01,3.27323271883793931E-04,2.78719660830301530E-04,1.68048610367571363E-02
6.00000000000000000E+00,2.73330552980141049E-02,3.11843285162115957E-01,1.78062866667019629E-03,8.32042757211363775E-05,1.37575799045057872E-04,5.33794308697071340E-01,3.13220157583086892E-04,2.58848634259165424E-04,1.62224825316976545E-02
6.50000000000000000E+00,2.66807065464621657E-02,2.22399955714767561E-01,2.72665464506507364E-03,1.07403069017771656E-04,1.69109147055427836E-04,6.00275160461451684E-01,2.89021364286451735E-04,2.27315286248795461E-04,1.52496790237671067E-02
7.00000000000000000E+00,2.51926454083191143E-02,1.18011436326339328E-01,5.45938835325791155E-03,1.62193812832780125E-04,2.30636851374686779E-04,6.62243789196441779E-01,2.34230620471443225E-04,1.65787581929536544E-04,1.31860673175927690E-02
7.50000000000000000E+00,2.16371436863819801E-02,4.42520490378327160E-03,6.12820648664437681E-02,3.70167114183635930E-04,3.84622777369204101E-04,6.63863630775646807E-01,2.62573191205876512E-05,1.18016559350192208E-05,5.43357328001554431E-03
8.00000000000000000E+00,1.69057791480345491E-02,2.95646841295667674E-04,2.94949676314243847E-01,3.94969850467168917E-04,3.95708485802372329E-04,4.59893478024556879E-01,1.45458283705464031E-06,7.15947501850773805E-07,2.09726618724538020E-03
8.50000000000000000E+00,1.31801583652964138E-02,1.92881504044196950E-04,4.35812004248732454E-01,3.95496631820613090E-04,3.95962297545219557E-04,3.19142465385579388E-01,9.27801483610457720E-07,4.62135759003670726E-07,2.02692850083562937E-03
9.00000000000000000E+00,1.02758095279750633E-02,1.66249632691403703E-04,5.03399048741159816E-01,3.95629417396324090E-04,3.96027248011661360E-04,2.33293217564730815E-01,7.95015907899639209E-07,3.97185292561743668E-07,2.01872743489264631E-03
9.50000000000000000E+00,8.01308216916966909E-03,1.58736065675004151E-04,5.26530220749484079E-01,3.95667453640204006E-04,3.96045719064732271E-04,1.81127018918931570E-01,7.56979664019814898E-07,3.78714239490724097E-07,2.01638463215573875E-03
1.00000000000000000E+01,6.25071951894011577E-03,1.59688810019089760E-04,5.23278879081157555E-01,3.95664118380263381E-04,3.96043745620065963E-04,1.49460825847557877E-01,7.60314923960438457E-07,3.80687684157106949E-07,2.01622929403616263E-03
1.05000000000000000E+01,4.87838012357689338E-03,1.65589527211218912E-04,5.04822081980587201E-01,3.95636830694615354E-04,3.96029879511596797E-04,1.30259555247795311E-01,7.87602609608518342E-07,3.94553792626326006E-07,2.01726780825313640E-03
1.10000000000000000E+01,3.81000857083509158E-03,1.74993512917286331E-04,4.78057058649068778E-01,3.95592705495815362E-04,3.96007623015036945E-04,1.18636983713788030E-01,8.31727808408383581E-07,4.16810289186092319E-07,2.01911347101402846E-03
1.15000000000000000E+01,2.97853260953972500E-03,1.87254623038382286E-04,4.47226765961927009E-01,3.95534926503116806E-04,3.95978543023321630E-04,1.11624230687018350E-01,8.89506801106913046E-07,4.45890280901384286E-07,2.02159583482283819E-03
1.20000000000000000E+01,2.33169317005153245E-03,2.02097246186940422E-04,4.14924589889705320E-01,3.95464866083091577E-04,3.95943311516369449E-04,1.07418258228092228E-01,9.59567221132158196E-07,4.81121787853570857E-07,2.02463996820617144E-03
1.25000000000000000E+01,1.82878196032267687E-03,2.19445104591714464E-04,3.82715957214624869E-01,3.95382928928182046E-04,3.95902120696201411E-04,1.04924463719995781E-01,1.04150437604173511E-06,5.22312608021674892E-07,2.02822030227924185E-03
1.30000000000000000E+01,1.43809470390195214E-03,2.39344367404489242E-04,3.51523891558422397E-01,3.95288928719281316E-04,3.95854868836998124E-04,1.03478676375090159E-01,1.13550458494246654E-06,5.69564467225070608E-07,2.03234053556379871E-03
1.35000000000000000E+01,1.13494471967131227E-03,2.61927573895181609E-04,3.21869158506174646E-01,3.95182266441051946E-04,3.95801247322285089E-04,1.02678235101743440E-01,1.24216686317195183E-06,6.23185981938111849E-07,2.03702412017962376E-03
1.40000000000000000E+01,9.00114843537862968E-04,2.87392260760601617E-04,2.94020464681335136E-01,3.95062041936006432E-04,3.95740796268117092E-04,1.02279439995250923E-01,1.36239136821754231E-06,6.83637036106079753E-07,2.04230937550678926E-03
1.45000000000000000E+01,7.18650575850269960E-04,3.16002810203294931E-04,2.68089023766688084E-01,3.94927045161963411E-04,3.95672899696580924E-04,1.02135216593942063E-01,1.49738814226058590E-06,7.51533607642308223E-07,2.04824768455276604E-03
1.50000000000000000E+01,5.78920428878038572E-04,3.48072637270342342E-04,2.44088287410738569E-01,3.94775817191463302E-04,3.95596815445562648E-04,1.02157351138787281E-01,1.64861611276063387E-06,8.27617858660513123E-07,2.05490245129483088E-03
1.55000000000000000E+01,4.71883838083768164E-04,3.83980557553013110E-04,2.21971995472338091E-01,3.94606623023305942E-04,3.95511659155345949E-04,1.02293526181683456E-01,1.81781028091787582E-06,9.12774148877313315E-07,2.06234941132564607E-03
1.60000000000000000E+01,3.90521416755695340E-04,4.24171021066035352E-04,2.01658472662159166E-01,3.94417414759372831E-04,3.95416387114831669E-04,1.02513424605853318E-01,2.00701854485119648E-06,1.00804618939153873E-06,2.07067756913562225E-03
1.65000000000000000E+01,3.29391473276375614E-04,4.69162986269405411E-04,1.83046230548087829E-01,3.94205828443069636E-04,3.95309792666856570E-04,1.02800310334847225E-01,2.21860486115446025E-06,1.11464063736677968E-06,2.07999055790667169E-03
1.70000000000000000E+01,2.84286388304539912E-04,5.19561150233819832E-04,1.66023972073190723E-01,3.93969090656345314E-04,3.95190458171518699E-04,1.03145968989994327E-01,2.45534264787877829E-06,1.23397513270462740E-06,2.09040924969649926E-03
1.75000000000000000E+01,2.51958136893047722E-04,5.76074992823006303E-04,1.50476999885771207E-01,3.93703973025862433E-04,3.95056730927968670E-04,1.03547635704663021E-01,2.72046027836167560E-06,1.36770237625466171E-06,2.10207459420939068E-03
1.80000000000000000E+01,2.29923104617763577E-04,6.39541347606535876E-04,1.36291249406445408E-01,3.93406686100570137E-04,3.94906665752243363E-04,1.04006277982040068E-01,3.01774720365391002E-06,1.51776755197987146E-06,2.11515163666927937E-03
1.85000000000000000E+01,2.16291009276961381E-04,7.10950813320380135E-04,1.23355787963520883E-01,3.93072751636809440E-04,3.94737961794410538E-04,1.04525542610334310E-01,3.35168166741451560E-06,1.68647150981260461E-06,2.12983560276451761E-03
1.90000000000000000E+01,2.09646252462551913E-04,7.91494985802003947E-04,1.11564255510092927E-01,3.92696817586744992E-04,3.94547860017963774E-04,1.05111272250288823E-01,3.72761571747893344E-06,1.87657328625929715E-06,2.14635863874869685E-03
1.95000000000000000E+01,2.08953371797330990E-04,8.82618714581156561E-04,1.00815578789881732E-01,3.92272422396490331E-04,3.94333022720355511E-04,1.05771340922742943E-01,4.15201090773360516E-06,2.09141058386765434E-06,2.16500073930441655E-03
2.00000000000000000E+01,2.13488639966143867E-04,9.86104543242328742E-04,9.10141975819373922E-02,3.91791637142453980E-04,3.94089342937162853E-04,1.06515764305258803E-01,4.63279616176988845E-06,2.33509036706036019E-06,2.18610432943030196E-03
2.05000000000000000E+01,2.22790628656981262E-04,1.10419019864146711E-03,8.20698826337932369E-02,3.91244567756984069E-04,3.93811681401665874E-04,1.07357044847930364E-01,5.17986554723986683E-06,2.61275190255733880E-06,2.21009544221187045E-03
2.10000000000000000E+01,2.36629310006920742E-04,1.23975522655756670E-03,7.38972125541524916E-02,3.90618555482703366E-04,3.93493442470168871E-04,1.08310790493870726E-01,5.80587782152063270E-06,2.93099083405432231E-06,2.23751591353063290E-03
2.15000000000000000E+01,2.54993594061154452E-04,1.39660014778791018E-03,6.64146735701704044E-02,3.89897004075481161E-04,3.93125952225621678E-04,1.09396724886323085E-01,6.52742922874287426E-06,3.29848107860148447E-06,2.26907319296880145E-03
2.20000000000000000E+01,2.78101057245256603E-04,1.57993138147960715E-03,5.95433171560474858E-02,3.89057344841104889E-04,3.92697371410431718E-04,1.10640290482785855E-01,7.36708846311915924E-06,3.72706189379132487E-06,2.30572157682287088E-03
2.25000000000000000E+01,3.06435581321005523E-04,1.79716968305999565E-03,5.32046024760302882E-02,3.88067623090156046E-04,3.92190883538470140E-04,1.12075229545582883E-01,8.35681021406802116E-06,4.23354976575298116E-06,2.34880183799546878E-03
2.30000000000000000E+01,3.40834399428649427E-04,2.05950902835674247E-03,4.73169265933368263E-02,3.86880093040947812E-04,3.91581244651862737E-04,1.13747939069794274E-01,9.54434026327623638E-06,4.84318865236044342E-06,2.40029583520664624E-03
2.35000000000000000E+01,3.82666387635114747E-04,2.38503211927663158E-03,4.17894917108192418E-02,3.85418352960420658E-04,3.90827875242997060E-04,1.15725270066462133E-01,1.10060803438034005E-05,5.59655806122611389E-06,2.46333186942058113E-03
2.40000000000000000E+01,4.34207733094646008E-04,2.80575700687446528E-03,3.65105269287930440E-02,3.83548797077998813E-04,3.89859386298728081E-04,1.18109489699557146E-01,1.28756362262252590E-05,6.56504700549501704E-06,2.54328482396358945E-03
2.45000000000000000E+01,4.99506351175027789E-04,3.38589103788493849E-03,3.13224548794946017E-02,3.81007901041560909E-04,3.88533852980363467E-04,1.21069470061418535E-01,1.54165322626631091E-05,7.89058032385973948E-06,2.65051033930384849E-03
2.50000000000000000E+01,5.86693729748542195E-04,4.27920270830156862E-03,2.59636360807896788E-02,3.77179964022911522E-04,3.86515764433329227E-04,1.24912830428631771E-01,1.92444692813125103E-05,9.90866887089395142E-06,2.80841791650545758E-03
2.55000000000000000E+01,7.15742310733489184E-04,5.96837307052558701E-03,1.99219447079358840E-02,3.70213792360689418E-04,3.82775756025956974E-04,1.30266782467926528E-01,2.62106409435345322E-05,1.36486772782663040E-05,3.08408689420175365E-03
2.60000000000000000E+01,9.55519716419272699E-04,1.07993860048788640E-02,1.21918249429611627E-02,3.51946277439264658E-04,3.72567342676433262E-04,1.38422115512175592E-01,4.44781558649592077E-05,2.38570906277899597E-05,3.75404096861131284E-03
2.65000000000000000E+01,1.67932197168060198E-03,3.68134596043517837E-02,3.79603305852895890E-03,2.78181497678142904E-04,3.25935963777550784E-04,1.49139202505610385E-01,1.18242935626080813E-04,7.04884695266725535E-05,6.35421799058344741E-03
2.70000000000000000E+01,4.11488327225706385E-03,1.40136171643553520E-01,1.07043312357097634E-03,1.48919080621817072E-04,2.16084335531001271E-04,1.58442265284657602E-01,2.47505352682406523E-04,1.80340097773221971E-04,1.21040344318257033E-02
2.75000000000000000E+01,8.10811257853242574E-03,2.85704208504909685E-01,6.23940026797842068E-04,8.95608346372553762E-05,1.46037807701661777E-04,1.73936072228180055E-01,3.06863598666968422E-04,2.50386625602561520E-04,1.54128509008186875E-02
2.80000000000000000E+01,1.22349424975606285E-02,3.96998838498725581E-01,5.44896734860655734E-04,6.86526585840533467E-05,1.17018382266585109E-04,1.99453120724203875E-01,3.27771774720170207E-04,2.79406051037638201E-04,1.65938136428524508E-02
2.85000000000000000E+01,1.58643232923826490E-02,4.58982122730620501E-01,5.67520770634626385E-04,6.07531009104076265E-05,1.05354063499090678E-04,2.34628594522488299E-01,3.35671332393815873E-04,2.91070369805132795E-04,1.70360006445982766E-02
2.90000000000000000E+01,1.88444632407175801E-02,4.79691114737370583E-01,6.43719615305144246E-04,5.84933052975672601E-05,1.01943995606250217E-04,2.78015903437912104E-01,3.37931128006656084E-04,2.94480437697973310E-04,1.71791252924829684E-02
2.95000000000000000E+01,2.11797475808217436E-02,4.69561370672798573E-01,7.66388793959292959E-04,5.95486643961025872E-05,1.03546434314770767E-04,3.27983409075974175E-01,3.36875768908120594E-04,2.92877998989452882E-04,1.71584604805949184E-02
3.00000000000000000E+01,2.29166380083000235E-02,4.37012698771192476E-01,9.44108295705445625E-04,6.32589615807525060E-05,1.09113824501967782E-04,3.82960578935553408E-01,3.33165471723470736E-04,2.87310608802255881E-04,1.70150677217537696E-02
3.05000000000000000E+01,2.41005047209945956E-02,3.87985965061480753E-01,1.20077329677616964E-03,6.98208020355555424E-05,1.18742650049936144E-04,4.41480594344600519E-01,3.26603631268667564E-04,2.77681783254287600E-04,1.67471847773901471E-02
3.10000000000000000E+01,2.47526811960511739E-02,3.26185169386939922E-01,1.58985309785447085E-03,8.03252994662457203E-05,1.33608160419116425E-04,5.02131081937183144E-01,3.16099133837977400E-04,2.62816272885107278E-04,1.63149129927054951E-02
3.15000000000000000E+01,2.48444282417184560E-02,2.53078328940871788E-01,2.24855201073463889E-03,9.77018726560722193E-05,1.56824236956184669E-04,5.63405283779359944E-01,2.98722560648150915E-04,2.39600196348039251E-04,1.56082079448144288E-02
3.20000000000000000E+01,2.42317253546379882E-02,1.66719369996196798E-01,3.68009423722544683E-03,1.31132371121443937E-04,1.97256454488714251E-04,6.23210516277925120E-01,2.65292062182779305E-04,1.99167978815509669E-04,1.42972384445033893E-02
3.25000000000000000E+01,2.23627867519310339E-02,5.62549065501923018E-02,1.09047548986627649E-02,2.31451975965790230E-04,2.93627511451641536E-04,6.74022458270477021E-01,1.64972457338433012E-04,1.02796921852582222E-04,1.07568563662053598E-02
3.30000000000000000E+01,1.80442488730361596E-02,6.22937972822283615E-04,1.73905116801950477E-01,3.93138833624921008E-04,3.94867875812316413E-04,5.54940805114597424E-01,3.28559967930209910E-06,1.55655749190724927E-06,2.56410558291998714E-03
3.35000000000000000E+01,1.40728530583332772E-02,2.34122558994522592E-04,3.62131694282604166E-01,3.95290503672301584E-04,3.95861631828742493E-04,3.78977294605057302E-01,1.13392963192166595E-06,5.62801475481047892E-07,2.04314858461448947E-03
3.40000000000000000E+01,1.09723919921643973E-02,1.82031468218239956E-04,4.60769236854803865E-01,3.95551878997833350E-04,3.95989037277528089E-04,2.69745217513051194E-01,8.72554306389987698E-07,4.35396026695352671E-07,2.02298845187926651E-03
3.45000000000000000E+01,8.55616557757040049E-03,1.66340649415802611E-04,5.02959651357293702E-01,3.95630263935680174E-04,3.96027347048678337E-04,2.03293692835353673E-01,7.94169368543042041E-07,3.97086255545040964E-07,2.01833390625192309E-03
3.50000000000000000E+01,6.67396336410319702E-03,1.63501826857081534E-04,5.11332070386083970E-01,3.95645450278562019E-04,3.96034528346455802E-04,1.62933309896102912E-01,7.78983025661257465E-07,3.89904957767697617E-07,2.01720592465407791E-03
3.55000000000000000E+01,5.20814245250995379E-03,1.67256313595074590E-04,4.99912096011578433E-01,3.95628579023563282E-04,3.96025827518430940E-04,1.38444861562904253E-01,7.95854280659849820E-07,3.98605785792530245E-07,2.01771983096703808E-03
3.60000000000000000E+01,4.06687647215935554E-03,1.75265469972194269E-04,4.77353729577252972E-01,3.95591188139612221E-04,3.96006918838306293E-04,1.23607532426060943E-01,8.33245164610844646E-07,4.17514465917188803E-07,2.01923588296607686E-03
3.65000000000000000E+01,3.17856802200612966E-03,1.86516597276444084E-04,4.48982727049848485E-01,3.95538264118621850E-04,3.95980258387562906E-04,1.14639752257408356E-01,8.86169185601170631E-07,4.44174916660694571E-07,2.02148588188144065E-03
3.70000000000000000E+01,2.48742023326294082E-03,2.00557807570197479E-04,4.18060941389701402E-01,3.95472043738511847E-04,3.95946944724781254E-04,1.09244214467602574E-01,9.52389565711257302E-07,4.77488579442252581E-07,2.02434977282918297E-03
3.75000000000000000E+01,1.94996276505898293E-03,2.17218835538000556E-04,3.86567495872648659E-01,3.95393378821228523E-04,3.95907390394948278E-04,1.06025897223785623E-01,1.03105448299450691E-06,5.17042909275251185E-07,2.02777850976526173E-03
3.80000000000000000E+01,1.53233636416929869E-03,2.36488347558355688E-04,3.55682243609875881E-01,3.95302371830714646E-04,3.95861638525145149E-04,1.04138067438840895E-01,1.12206147350836517E-06,5.62794779078422701E-07,2.03176207857701458E-03
3.85000000000000000E+01,1.20817367246306841E-03,2.58462706291710223E-04,3.26085921164778025E-01,3.95198595945189823E-04,3.95809465599521345E-04,1.03067132222285571E-01,1.22583735903328487E-06,6.14967704702169868E-07,2.03631506931323215E-03
3.90000000000000000E+01,9.56947108194066537E-04,2.83313702232130724E-04,2.98147220510698252E-01,3.95081271482837385E-04,3.95750473187300483E-04,1.02501967612440681E-01,1.34316182138556093E-06,6.73960116922980653E-07,2.04147032359077536E-03
3.95000000000000000E+01,7.62680260247445728E-04,3.11283332541345136E-04,2.72040023325788638E-01,3.94949285942808347E-04,3.95684092885942090E-04,1.02254508930468113E-01,1.47514736141465061E-06,7.40340418281399597E-07,2.04727429421866633E-03
4.00000000000000000E+01,6.12944839595747342E-04,3.42670068305189843E-04,2.47817127297591339E-01,3.94801262030286266E-04,3.95609623160507679E-04,1.02211600098269989E-01,1.62317127393679584E-06,8.14810143715723006E-07,2.05378678298575625E-03
4.05000000000000000E+01,4.98079265201092219E-04,3.77840167279260702E-04,2.25456948631936521E-01,3.94635529007328779E-04,3.95526214161367453E-04,1.02305740410350413E-01,1.78890429689415218E-06,8.98219142856095475E-07,2.06108053955623201E-03
4.10000000000000000E+01,4.10578873212893037E-04,4.17218885248591353E-04,2.04893238226717900E-01,3.94450120362413686E-04,3.95432861960712094E-04,1.02497341485495913E-01,1.97431294180933503E-06,9.91571343511446625E-07,2.06924103039361979E-03
4.15000000000000000E+01,3.44623621703534367E-04,4.61309426716154135E-04,1.86034028738292806E-01,3.94242734006396893E-04,3.95328392369982066E-04,1.02763993900459774E-01,2.18169929782613675E-06,1.09604093424153993E-06,2.07836888982680960E-03
4.20000000000000000E+01,2.95709024095569301E-04,5.10700327135714242E-04,1.68773791005456530E-01,3.94010683156338767E-04,3.95211431587786635E-04,1.03093970096710993E-01,2.41375014788423313E-06,1.21300171643697302E-06,2.08858118719398031E-03
4.25000000000000000E+01,2.60360299812185611E-04,5.66079075896297533E-04,1.53001161431014804E-01,3.93750835264939302E-04,3.95080377359003547E-04,1.03482345059457859E-01,2.67359803928367291E-06,1.34405594522008599E-06,2.10001540520520424E-03
4.30000000000000000E+01,2.35909347416421336E-04,6.28258929472700007E-04,1.38603894358909713E-01,3.93459490288216793E-04,3.94933330492869110E-04,1.03928656703083655E-01,2.96494301600620871E-06,1.49110281135448788E-06,2.11283093086972202E-03
4.35000000000000000E+01,2.20324219167013680E-04,6.98200235710246626E-04,1.25471855097831680E-01,3.93132327903054945E-04,3.94768072192101783E-04,1.04435623904726521E-01,3.29210540116799184E-06,1.65636111212184325E-06,2.12721806465922432E-03
4.40000000000000000E+01,2.12076475577748874E-04,7.77053975482338882E-04,1.13498866715913471E-01,3.92764158374786303E-04,3.94581928729055488E-04,1.05008408331540348E-01,3.66027492943653614E-06,1.84250457516815119E-06,2.14340120591505548E-03
4.45000000000000000E+01,2.10041024665110317E-04,8.66218028058539846E-04,1.02583663262012806E-01,3.92348728556726496E-04,3.94371670484028780E-04,1.05654339035809799E-01,4.07570474749636910E-06,2.05276282019489411E-06,2.16165149774525962E-03
4.50000000000000000E+01,2.13420941500427018E-04,9.67407797727692920E-04,9.26302745194974991E-02,3.91878401445856176E-04,3.94133341870521112E-04,1.06382923552440056E-01,4.54603185836661314E-06,2.29109143370231749E-06,2.18229854482690500E-03
4.55000000000000000E+01,2.21693920505786497E-04,1.08277036547924240E-03,8.35479726722735822E-02,3.91343673038798952E-04,3.93862013891800881E-04,1.07206121865410620E-01,5.08076026542394326E-06,2.56241941242264776E-06,2.20575256517854291E-03
4.60000000000000000E+01,2.34577141564965670E-04,1.21505744851966983E-03,7.52508490713788697E-02,3.90732435784709885E-04,3.93551376974925790E-04,1.08138898137284861E-01,5.69199751951300539E-06,2.87305632929775532E-06,2.23253194916498473E-03
4.65000000000000000E+01,2.52010850311633328E-04,1.36788374020014409E-03,6.76570229484361740E-02,3.90028886572672969E-04,3.93193177219627226E-04,1.09200142441691253E-01,6.39554673155003377E-06,3.23125608459635421E-06,2.26331074040455509E-03
4.70000000000000000E+01,2.74162533406892219E-04,1.54616167568299859E-03,6.06873891620135289E-02,3.89211695637075813E-04,3.92776234616343668E-04,1.10414137503935014E-01,7.21273766714725577E-06,3.64819868788000589E-06,2.29899256588993271E-03
4.75000000000000000E+01,3.01458783752979237E-04,1.75684954236105732E-03,5.42636687515080998E-02,3.88250878179316407E-04,3.92284774628034745E-04,1.11812923393616828E-01,8.17355512490663551E-06,4.13965867618886883E-06,2.34083717469131493E-03
4.80000000000000000E+01,3.34661027739632517E-04,2.01032364435955362E-03,4.83052254300901859E-02,3.87102089519568632E-04,3.91695374007456363E-04,1.13440265025148410E-01,9.32234378465441013E-06,4.72905929676730249E-06,2.39068912963870134E-03
4.85000000000000000E+01,3.75022767681175927E-04,2.32312590239090559E-03,4.27235555184048849E-02,3.85695313954431110E-04,3.90970876742687272E-04,1.15358668819218926E-01,1.07291193497919463E-05,5.45355656153639468E-06,2.45142272122600207E-03
4.90000000000000000E+01,4.24617675521825398E-04,2.72402902576736111E-03,3.74118534315226806E-02,3.83910201986368768E-04,3.90047050560775321E-04,1.17662654811965625E-01,1.25142313178542662E-05,6.37738274344844370E-06,2.52789626101162547E-03
4.95000000000000000E+01,4.87081293788367922E-04,3.26933185853429563E-03,3.22233289142079271E-02,3.81514928961561978E-04,3.88799236771770812E-04,1.20506054361237333E-01,1.49095043426610999E-05,7.62519653245297880E-06,2.62926131075419357E-03
5.00000000000000000E+01,5.69533327495588045E-04,4.08909332778513608E-03,2.69213474747572075E-02,3.77986014056942428E-04,3.86942879195354198E-04,1.24163900918993042E-01,1.84384192472806724E-05,9.48155410886977320E-06,2.77555302353508018E-03
5.05000000000000000E+01,6.88735866952071003E-04,5.56920946754456067E-03,2.10544949705779305E-02,3.71829092680367619E-04,3.83650769116343558E-04,1.29186448695478601E-01,2.45953406238554977E-05,1.27736641878803044E-05,3.02145353184942768E-03
5.10000000000000000E+01,8.98460794474114656E-04,9.42224219253828127E-03,1.37019328493036569E-02,3.56935559330981390E-04,3.75410769972148823E-04,1.36736657332508116E-01,3.94888739732416426E-05,2.10136633320749781E-05,3.57642637281664882E-03
5.15000000000000000E+01,1.47284829193418333E-03,2.83730342126555374E-02,4.92135928617048156E-03,2.98686554162109206E-04,3.39790846824123002E-04,1.47409578474895386E-01,9.77378791421137114E-05,5.66335864801006608E-05,5.60809597046703009E-03
5.20000000000000000E+01,3.53799158782027280E-03,1.16281423747643886E-01,1.26114665731219414E-03,1.67018011703709351E-04,2.34456372635974208E-04,1.56617173429467571E-01,2.29406421600513539E-04,1.61968060668249279E-04,1.11697631955998827E-02
5.25000000000000000E+01,7.37576556044961321E-03,2.61714247475910378E-01,6.59139262810566054E-04,9.58571854745366629E-05,1.54285663647333693E-04,1.70558779954298440E-01,3.00567247829686254E-04,2.42138769656889821E-04,1.50529199172119051E-02
5.30000000000000000E+01,1.15464198137325558E-02,3.81313850362285045E-01,5.48680996730630281E-04,7.09875640728394795E-05,1.20389837069244894E-04,1.94306900935636240E-01,3.25436869231383722E-04,2.76034596234978687E-04,1.64635533862248669E-02
5.35000000000000000E+01,1.52804025471270314E-02,4.51495502830971951E-01,5.59224313563529726E-04,6.16100790465223266E-05,1.06638997613705814E-04,2.27898951800283273E-01,3.34814354257700875E-04,2.89785435690518092E-04,1.69871171622616307E-02
5.40000000000000000E+01,1.83750366266770999E-02,4.78582348608200703E-01,6.27229442432962751E-04,5.86121737377479166E-05,1.02123813886098366E-04,2.69979287721349048E-01,3.37812259566475244E-04,2.94300619418125622E-04,1.71681113300817811E-02
5.45000000000000000E+01,2.08192023175901263E-02,4.73124612082811202E-01,7.41591618169848963E-04,5.91698404809289902E-05,1.02972720808007008E-04,3.18921459831267684E-01,3.37254592823293920E-04,2.93451712496217048E-04,1.71713116886041441E-02
5.50000000000000000E+01,2.26562072137651074E-02,4.43969950319512086E-01,9.08570305808016100E-04,6.24268293971055351E-05,1.07873107807385403E-04,3.73137889810027268E-01,3.33997603907117287E-04,2.88551325496838585E-04,1.70483466065522726E-02
5.55000000000000000E+01,2.39334773368157366E-02,3.97474748597150651E-01,1.14888274937652714E-03,6.84464142582598856E-05,1.16748301540523766E-04,4.31145190778478959E-01,3.27978019045962977E-04,2.79676131763700344E-04,1.68036804831318554E-02
5.60000000000000000E+01,2.46780156546108770E-02,3.37715915308871684E-01,1.50882572383269613E-03,7.81323341391192632E-05,1.30558708999730662E-04,4.91528526497842622E-01,3.18292099165103667E-04,2.65865724304493230E-04,1.64050092507903658E-02
5.65000000000000000E+01,2.48725359163039540E-02,2.66580703526703766E-01,2.10284409390470040E-03,9.39502066519218998E-05,1.51949323909543493E-04,5.52815985430627266E-01,3.02474226652301044E-04,2.44475109394680346E-04,1.57595151742573152E-02
5.70000000000000000E+01,2.44021780196268245E-02,1.82918208564052664E-01,3.31651725385811742E-03,1.23237238948655160E-04,1.88166211876793454E-04,6.13096049250761443E-01,2.73187194355567866E-04,2.08258221427430384E-04,1.46005042086412920E-02
5.75000000000000000E+01,2.28388770706897185E-02,7.80204492606505345E-02,8.04098299721455086E-03,2.01332012636503094E-04,2.67909076318328216E-04,6.67250750550184457E-01,1.95092420667720040E-04,1.28515356985895460E-04,1.17685228944745170E-02
5.80000000000000000E+01,1.88341092207833967E-02,1.02195885428278069E-03,1.31352932197953992E-01,3.90744427082418745E-04,3.93810524039213958E-04,5.92151375130635205E-01,5.68000622180470274E-06,2.61390926500957880E-06,3.11040348976385347E-03
5.85000000000000000E+01,1.46931122424723178E-02,2.53148713522389362E-04,3.36922403104039536E-01,3.95193516463646273E-04,3.95814755578611100E-04,4.04017054915628060E-01,1.23091684057707660E-06,6.09677725612643416E-07,2.05450382328859491E-03
5.90000000000000000E+01,1.14559863555965171E-02,1.87160429819734645E-04,4.48521928483194610E-01,3.95526338123239254E-04,3.95976537837793810E-04,2.85016356391564141E-01,8.98095180983930532E-07,4.47895466429977851E-07,2.02454334291338797E-03
5.95000000000000000E+01,8.93294861093180473E-03,1.67848262267487170E-04,4.98570992664702339E-01,3.95622661499624596E-04,3.96023648782947680E-04,2.12574562542864248E-01,8.01771804598623904E-07,4.00784521276330266E-07,2.01879525186185590E-03
6.00000000000000000E+01,6.96743528024053402E-03,1.63421492260247070E-04,5.11608413414803009E-01,3.95645609601477611E-04,3.96034664489710892E-04,1.68567648041701545E-01,7.78823702745617445E-07,3.89768814513046230E-07,2.01725583558469250E-03
6.05000000000000000E+01,5.43666844695350759E-03,1.66259053602585974E-04,5.02880145036754711E-01,3.95633178459750285E-04,3.96028167890131848E-04,1.41861660973813641E-01,7.91254844472793717E-07,3.96265414092282309E-07,2.01754784386365318E-03
6.10000000000000000E+01,4.24478244071073950E-03,1.73626364151869108E-04,4.81797181878701242E-01,3.95598874330400007E-04,3.96010797338126593E-04,1.25675925253962928E-01,8.25558973823099418E-07,4.13635966097378529E-07,2.01891559195062657E-03
6.15000000000000000E+01,3.31702093405189958E-03,1.84358727177463588E-04,4.54154280307604130E-01,3.95548430316558768E-04,3.95985375677425106E-04,1.15887891567338933E-01,8.76002987664306121E-07,4.39057626798937443E-07,2.02104971983309333E-03
6.20000000000000000E+01,2.59512137542886566E-03,1.97934325429290428E-04,4.23504388646085861E-01,3.95484419259202317E-04,3.95953168408798187E-04,1.09992890730207502E-01,9.40014045020629719E-07,4.71264895425822065E-07,2.02381216112703082E-03
6.25000000000000000E+01,2.03369047041555276E-03,2.14145565325014940E-04,3.92007761686270828E-01,3.95407892641632395E-04,3.95914686981986140E-04,1.06469872515230712E-01,1.01654066259064395E-06,5.09746322237891394E-07,2.02714460816607028E-03
6.30000000000000000E+01,1.59736971066067588E-03,2.32958603335416852E-04,3.60957250363468485E-01,3.95319043971360394E-04,3.95870019766608858E-04,1.04395518786995684E-01,1.10538933286258986E-06,5.54413537615055841E-07,2.03103150792251263E-03
6.35000000000000000E+01,1.25862374768833263E-03,2.54453125646531399E-04,3.31104162032918592E-01,3.95217530554613596E-04,3.95818985593026718E-04,1.03209733544888424E-01,1.20690274960925021E-06,6.05447711197304910E-07,2.03548400466427391E-03
6.40000000000000000E+01,9.96013245877240029E-04,2.78791027304163617E-04,3.02861392886186909E-01,3.95102619188970753E-04,3.95761207889254105E-04,1.02573067918473912E-01,1.32181411525203958E-06,6.63225414969912048E-07,2.04053180474670758E-03
6.45000000000000000E+01,7.92852718779605962E-04,3.06199725056290886E-04,2.76430296758166050E-01,3.94973269001568919E-04,3.95696156351979880E-04,1.02280293938222799E-01,1.45116430265396435E-06,7.28276952244096487E-07,2.04621943814710773E-03
6.50000000000000000E+01,6.36159833191455681E-04,3.36970877611709888E-04,2.51880734724056699E-01,3.94828136013108282E-04,3.95623145686345695E-04,1.02207766033556496E-01,1.59629729111466210E-06,8.01287617878316979E-07,2.05260437801826337E-03
6.55000000000000000E+01,5.15841360635131956E-04,3.71456000443256423E-04,2.29201502452068495E-01,3.94665603655496348E-04,3.95541352548465532E-04,1.02281596945431333E-01,1.75882964872658695E-06,8.83080755758536351E-07,2.05975689208777067E-03
6.60000000000000000E+01,4.24056696151174325E-04,4.10070286632513361E-04,2.08332476741437622E-01,3.94483766440493805E-04,3.95449806294227702E-04,1.02458292266640563E-01,1.94066686372912520E-06,9.74627009996325246E-07,2.06776034994526989E-03
6.65000000000000000E+01,3.54722683576521528E-04,4.53304077600020236E-04,1.89185137376133378E-01,3.94280364585358430E-04,3.95347354547048236E-04,1.02713015081732792E-01,2.14406871886444473E-06,1.07707875717574679E-06,2.07671277849287052E-03
6.70000000000000000E+01,3.03129433692893139E-04,5.01731577395818601E-04,1.71655648175982056E-01,3.94052798392527642E-04,3.95232664469223052E-04,1.03032525505108261E-01,2.37163491169532595E-06,1.19176883500083803E-06,2.08672787820798379E-03
6.75000000000000000E+01,2.65640595827471276E-04,5.56018704161521113E-04,1.55633250958714053E-01,3.93798010063442917E-04,3.95104176669870157E-04,1.03410912218063727E-01,2.62642324078006735E-06,1.32025663435378058E-06,2.09793932589261677E-03
6.80000000000000000E+01,2.39462655657212027E-04,6.16955113844342459E-04,1.41005580656292068E-01,3.93512421740718570E-04,3.94960054840245273E-04,1.03847068443700855E-01,2.91201156350437418E-06,1.46437846397858269E-06,2.11050299072590083E-03
6.85000000000000000E+01,2.22463131990642999E-04,6.85474276572334631E-04,1.27661985678013568E-01,3.93191812853212999E-04,3.94798130606010297E-04,1.04343216377807899E-01,3.23262045100992081E-06,1.62630269821362938E-06,2.12460265003437546E-03
6.90000000000000000E+01,2.13034353756930210E-04,7.62691011569767625E-04,1.15495509743634012E-01,3.92831169302896145E-04,3.94615821649358864E-04,1.04904126299749406E-01,3.59326400132666094E-06,1.80861165486508307E-06,2.14045637181561237E-03
6.95000000000000000E+01,2.09987634667312242E-04,8.49955423550528420E-04,1.04403997269466850E-01,3.92424427668400201E-04,3.94410000637708460E-04,1.05536759424076809E-01,4.00000563582252239E-06,2.01443266651554391E-06,2.15832664667721255E-03
7.00000000000000000E+01,2.12473521719387253E-04,9.48920074162903373E-04,9.42905494932512744E-02,3.91964240873129998E-04,3.94176863031256582E-04,1.06250236447338886E-01,4.46019243109272581E-06,2.24757027296741669E-06,2.17853158803656783E-03
7.05000000000000000E+01,2.19924926678440557E-04,1.06164892920751182E-03,8.50635496616490849E-02,3.91441457417442378E-04,3.93911660714025094E-04,1.07056056292087531E-01,4.98297588678033118E-06,2.51277259019885559E-06,2.20146539056589700E-03
7.10000000000000000E+01,2.32019398301432556E-04,1.19077288765898743E-03,7.66363017318313910E-02,3.90844489163936733E-04,3.93608362240355268E-04,1.07968608518493353E-01,5.57994414028597035E-06,2.81607106386863079E-06,2.22762521782810972E-03
7.15000000000000000E+01,2.48658974611745925E-04,1.33973013747513362E-03,6.89263013612391173E-02,3.90158283215190978E-04,3.93259110175544059E-04,1.09006022787991361E-01,6.26615008903178230E-06,3.16532312867990365E-06,2.25765381484419785E-03
7.20000000000000000E+01,2.69970191939202344E-04,1.51316948498885330E-03,6.18540800214469888E-02,3.89362638072838249E-04,3.92853319759793053E-04,1.10191500161063105E-01,7.06179523138447593E-06,3.57111354443080731E-06,2.29240774444212751E-03
7.25000000000000000E+01,2.96330979747546795E-04,1.71761660661360130E-03,5.53413941772455467E-02,3.88429388784355598E-04,3.92376185441231434E-04,1.11555518730054926E-01,7.99504451986702454E-06,4.04824786299238870E-06,2.33307253437244413E-03
7.30000000000000000E+01,3.28436261486876894E-04,1.96271328965900689E-03,4.93083342162785182E-02,3.87317268264239956E-04,3.91805924927717160E-04,1.13139407373536657E-01,9.10716503998272397E-06,4.61850837650662545E-06,2.38136754057570064E-03
7.35000000000000000E+01,3.67437599864544673E-04,2.26363239169952201E-03,4.36683119182267182E-02,3.85961941382911985E-04,3.91108426412796223E-04,1.15001724821796450E-01,1.04624919213106612E-05,5.31600689142763403E-06,2.43994086862178326E-03
7.40000000000000000E+01,4.15230090175671665E-04,2.64631812084059658E-03,3.83187978275371793E-02,3.84254628288816533E-04,3.90225698844588981E-04,1.17230039668976271E-01,1.21698050154061964E-05,6.19873445963484802E-06,2.51319801707055972E-03
7.45000000000000000E+01,4.75091336126563346E-04,3.16038537036752174E-03,3.31223725412717329E-02,3.81990432671057585E-04,3.89047717939946754E-04,1.19964854546130373E-01,1.44340006331653335E-05,7.37671536427719436E-06,2.60926347936028423E-03
7.50000000000000000E+01,5.53290763528800525E-04,3.91664857809872254E-03,2.78638431819833686E-02,3.78721183219906906E-04,3.87331418821762301E-04,1.23452955925779304E-01,1.77032500843161434E-05,9.09301448246179371E-06,2.74539553991497414E-03
7.55000000000000000E+01,6.64025426165399247E-04,5.22731976920568723E-03,2.21439692707184263E-02,3.73227484964692546E-04,3.84404492953732387E-04,1.28178375247861770E-01,2.31969483395305813E-05,1.20199403504918754E-05,2.96662343224093992E-03
7.60000000000000000E+01,8.49924620082629072E-04,8.36563096806590238E-03,1.51379412971142987E-02,3.60874330102000220E-04,3.77626744070239443E-04,1.35172145942815292E-01,3.55501032022230770E-05,1.87976892339847722E-05,3.43386895416023311E-03
7.65000000000000000E+01,1.31199147349437715E-03,2.21724254957849157E-02,6.27481806137985317E-03,3.15622117941268237E-04,3.50695813746402390E-04,1.45550942674155581E-01,8.08023153629549239E-05,4.57286195578219634E-05,5.01259596869948598E-03
7.70000000000000000E+01,3.02030318876765451E-03,9.43843085955691219E-02,1.52467369588243397E-03,1.87922185952743716E-04,2.54249942690877844E-04,1.54959051926331276E-01,2.08502247351479553E-04,1.42174490613346266E-04,1.01461124119639184E-02
7.75000000000000000E+01,6.65061327141339316E-03,2.36738184210178199E-01,7.05678406497808777E-04,1.03428996846786458E-04,1.63923721887841099E-04,1.67485534249179530E-01,2.92995436457436811E-04,2.32500711416383038E-04,1.46201283261806203E-02
7.80000000000000000E+01,1.08436757175198479E-02,3.64092911757064930E-01,5.55651495810071273E-04,7.37412543061785570E-05,1.24322394509003326E-04,1.89458094539336597E-01,3.22683178998044509E-04,2.72102038795220865E-04,1.63094043180946058E-02
7.85000000000000000E+01,1.46770088335208219E-02,4.42713308312730924E-01,5.52555499779817071E-04,6.26461988895404668E-05,1.08186144940323602E-04,2.21424148707476343E-01,3.33778234414682613E-04,2.88238288363900643E-04,1.69286962457651270E-02
7.90000000000000000E+01,1.78860727429750593E-02,4.76503941479211879E-01,6.12093329702983633E-04,5.88335408975831022E-05,1.02458951543143271E-04,2.62148330732395463E-01,3.37590892406640093E-04,2.93965481761080771E-04,1.71519974863576716E-02
7.95000000000000000E+01,2.04405115378555671E-02,4.75983973288573448E-01,7.18341497922044469E-04,5.88699402625928375E-05,1.02517738666358285E-04,3.10017614315101109E-01,3.37554493041630256E-04,2.93906694637865703E-04,1.71804823901259111E-02
8.00000000000000000E+01,2.23790937853559010E-02,4.50412725905720568E-01,8.75178915245232252E-04,6.16756550213759470E-05,1.06749210501174194E-04,3.63429057730713267E-01,3.34748778282847133E-04,2.89675222803049699E-04,1.70780558004745737E-02
8.05000000000000000E+01,2.37506153680403682E-02,4.06570550443406453E-01,1.10045098235360818E-03,6.71788561276668195E-05,1.14898535695973227E-04,4.20881607529016821E-01,3.29245577176555881E-04,2.81525897608250774E-04,1.68556805222330429E-02
8.10000000000000000E+01,2.45870860837149943E-02,3.48911400316575471E-01,1.43436918420797917E-03,7.61145545921887792E-05,1.27728101590487888E-04,4.80954435321981122E-01,3.20309878712033921E-04,2.68696331713736141E-04,1.64880205294404558E-02
8.15000000000000000E+01,2.48812728818528298E-02,2.79721096995843577E-01,1.97325510354038995E-03,9.05647701563467054E-05,1.47486800243616358E-04,5.42200849467073032E-01,3.05859663147875927E-04,2.48937633060607698E-04,1.58966973248668049E-02
8.20000000000000000E+01,2.45424298560081577E-02,1.98528809832899750E-01,3.01873964689821240E-03,1.16472358165620486E-04,1.80160626599350514E-04,6.02843588218989757E-01,2.79952075138602187E-04,2.16263806704873460E-04,1.48635320358290034E-02
8.25000000000000000E+01,2.32341909514230151E-02,9.85994266346131437E-02,6.39112780674699552E-03,1.79197259678430044E-04,2.47401046397133218E-04,6.59040045472079172E-01,2.17227173625792575E-04,1.49023386907090702E-04,1.25357504163106648E-02
8.30000000000000000E+01,1.96508295666610391E-02,2.14258609988906504E-03,8.85453909284648483E-02,3.83781768924287988E-04,3.90783424689750613E-04,6.28525378818999614E-01,1.26426643799344600E-05,5.64100861447338552E-06,4.16795540261430311E-03
8.35000000000000000E+01,1.53405873049738076E-02,2.79122393699739505E-04,3.08785021495967704E-01,3.95059466469061308E-04,3.95750402789163782E-04,4.31248717437897444E-01,1.36496683516097642E-06,6.74030515060348209E-07,2.07460272548828971E-03
8.40000000000000000E+01,1.19609281775916437E-02,1.93421314507440534E-04,4.34459742150242245E-01,3.95495110203357121E-04,3.95961265370701880E-04,3.01660766611142495E-01,9.29323100865122906E-07,4.63167933522342194E-07,2.02651264853396379E-03
8.45000000000000000E+01,9.32639315340206589E-03,1.69766720517061231E-04,4.93093179307622920E-01,3.95613038300896480E-04,3.96018955310904156E-04,2.22692605956511219E-01,8.11395003326156765E-07,4.05477993320137771E-07,2.01936860575297264E-03
8.50000000000000000E+01,7.27389856888638504E-03,1.63549855404479565E-04,5.11245034430489853E-01,3.95644753319689135E-04,3.96034297740192822E-04,1.74711251884728275E-01,7.79679984533524824E-07,3.90135564031404620E-07,2.01735790264718660E-03
8.55000000000000000E+01,5.67532076094624891E-03,1.65394501095697945E-04,5.05485852057995455E-01,3.95637137532728268E-04,3.96030189816139655E-04,1.45588092671911334E-01,7.87295771494381130E-07,3.94243488084669534E-07,2.01740723307478964E-03
8.60000000000000000E+01,4.43058071253298134E-03,1.72086730905891589E-04,4.86049067566751369E-01,3.95606082800924977E-04,3.96014437280914691E-04,1.27932595275716293E-01,8.18350503297635404E-07,4.09996023309734503E-07,2.01861793202926789E-03
8.65000000000000000E+01,3.46162517714344604E-03,1.82285322515334582E-04,4.59238928294680993E-01,3.95558192451810628E-04,3.95990291092863445E-04,1.17250605014246334E-01,8.66240852412003734E-07,4.34142211360940983E-07,2.02063225891656014E-03
8.70000000000000000E+01,2.70761744121305551E-03,1.95389736953470195E-04,4.28924552569883766E-01,3.95496427567415402E-04,3.95959207970510748E-04,1.10811376116543014E-01,9.28005736807288891E-07,4.65225333713592702E-07,2.02329159764977990E-03
8.75000000000000000E+01,2.12115654515498313E-03,2.11150181953396993E-04,3.97462785339351587E-01,3.95422036413342430E-04,3.95921798435712761E-04,1.06956486993977182E-01,1.00239689088035657E-06,5.02634868511597337E-07,2.02652724697215689E-03
8.80000000000000000E+01,1.66531883724998294E-03,2.29509086775775152E-04,3.66269063875855505E-01,3.95335334991439504E-04,3.95878209848310556E-04,1.04679144476663530E-01,1.08909831278332050E-06,5.46223455913821088E-07,2.03031786174039325E-03
8.85000000000000000E+01,1.31134835213386259E-03,2.50528968456167390E-04,3.36171338186757485E-01,3.95236060061705211E-04,3.95828301611816989E-04,1.03368495808631597E-01,1.18837324251762676E-06,5.96131692407422823E-07,2.03467065348950180E-03
8.90000000000000000E+01,1.03685556066459065E-03,2.74359975831051876E-04,3.07630336526748038E-01,3.95123545917869007E-04,3.95771730527082134E-04,1.02654300803880272E-01,1.30088738635385870E-06,6.52702777142275942E-07,2.03961239878662362E-03
8.95000000000000000E+01,8.24413067543037104E-04,3.01217229367359198E-04,2.80877326271309069E-01,3.94996778369001791E-04,3.95707980555646199E-04,1.02312565677053255E-01,1.42765493522114295E-06,7.16452748577969705E-07,2.04518545185397756E-03
9.00000000000000000E+01,6.60461335304997517E-04,3.31382147844457833E-04,2.56000671409633118E-01,3.94854487988839588E-04,3.95636403893202945E-04,1.02208251192728750E-01,1.56994531538350110E-06,7.88029411020955572E-07,2.05144484885022918E-03
9.05000000000000000E+01,5.34456309913711224E-04,3.65195652770037909E-04,2.33000511521403497E-01,3.94695100757575001E-04,3.95556198830885328E-04,1.02260502902141476E-01,1.72933254664807953E-06,8.68234473338564587E-07,2.05845871176371566E-03
9.10000000000000000E+01,4.38205823479756982E-04,4.03062220154467286E-04,2.11823480939941050E-01,3.94516754326259200E-04,3.95466416798943095E-04,1.02421560816802787E-01,1.90767897796371538E-06,9.58016505280880175E-07,2.06630813751076774E-03
9.15000000000000000E+01,3.65352581439179350E-04,4.45457530226652963E-04,1.92384870532381763E-01,3.94317269762821875E-04,3.95365945678982341E-04,1.02663968016616369E-01,2.10716354140108208E-06,1.05848762524162082E-06,2.07508828233018104E-03
9.20000000000000000E+01,3.10971925618505293E-04,4.92938655658630093E-04,1.74582795100069244E-01,3.94094097975006686E-04,3.95253483538146892E-04,1.02972838377016179E-01,2.33033532921630605E-06,1.17094976607702238E-06,2.08491030828033500E-03
9.25000000000000000E+01,2.71259924178273880E-04,5.46156857550989861E-04,1.58307242512265717E-01,3.93844269705348460E-04,3.95127511420588278E-04,1.03341212082998027E-01,2.58016359887464513E-06,1.29692188363572671E-06,2.09590393701204400E-03
9.30000000000000000E+01,2.43290531490798187E-04,6.05878355137802536E-04,1.43445843570876863E-01,3.93564302391214988E-04,3.94986244466330049E-04,1.03767274172814047E-01,2.86013091300814312E-06,1.43818883789393349E-06,2.10822092582625253E-03
9.35000000000000000E+01,2.24828053192725963E-04,6.73008953915224593E-04,1.29887474816158366E-01,3.93250097963656275E-04,3.94827578005000246E-04,1.04252745510112280E-01,3.17433534056682229E-06,1.59685529922373154E-06,2.12203981878828071E-03
9.40000000000000000E+01,2.14182721777459703E-04,7.48629365821514687E-04,1.17524438782729543E-01,3.92896787780176650E-04,3.94649006177323202E-04,1.04801991024332422E-01,3.52764552404643549E-06,1.77542712690079022E-06,2.13757224699302967E-03
9.45000000000000000E+01,2.10099325116225332E-04,8.34044070179686104E-04,1.06253699537249321E-01,3.92498520982932165E-04,3.94447510741000029E-04,1.05421601944576948E-01,3.92591232129085087E-06,1.97692256322395623E-06,2.15507201143640527E-03
9.50000000000000000E+01,2.11674190071001574E-04,9.30845599895565212E-04,9.59774348255203885E-02,3.92048193587782290E-04,3.94219416817605402E-04,1.06120315912455840E-01,4.37623971644074872E-06,2.20501648661858090E-06,2.17484639606185066E-03
9.55000000000000000E+01,2.18294609858712583E-04,1.04101843272599577E-03,8.66031349406032464E-02,3.91537019589282957E-04,3.93960166518315307E-04,1.06909189231727389E-01,4.88741371494007484E-06,2.46426678590866641E-06,2.19727483972289922E-03
9.60000000000000000E+01,2.29597649928821377E-04,1.16708049540963283E-03,7.80432902269222045E-02,3.90953875244479576E-04,3.93663974879571263E-04,1.07802064190322580E-01,5.47055805974346134E-06,2.76045842465272956E-06,2.22283421883427527E-03
9.65000000000000000E+01,2.45446735097617943E-04,1.31230835020782334E-03,7.02147340206534520E-02,3.90284410457465724E-04,3.93323353585086776E-04,1.08816334620076269E-01,6.14002284675730055E-06,3.10107971913726599E-06,2.25213798125985503E-03
9.70000000000000000E+01,2.65928736580590757E-04,1.48110043547333399E-03,6.30375799392143832E-02,3.89509481931700561E-04,3.92928280440313132E-04,1.09974204225447986E-01,6.91495137252247879E-06,3.49615286391081780E-06,2.28599912668623045E-03
9.75000000000000000E+01,2.91374595754680566E-04,1.67959143925168410E-03,5.64335436940081245E-02,3.88602580518343727E-04,3.92464827994897176E-04,1.11304678142710528E-01,7.82185278587937495E-06,3.95960530932666742E-06,2.32553484689130945E-03
9.80000000000000000E+01,3.22417165074934868E-04,1.91675595878469749E-03,5.03232787880698307E-02,3.87525239679244768E-04,3.91912706736939381E-04,1.12846860556459275E-01,8.89919362497844420E-06,4.51172656728451822E-06,2.37235100926816650E-03
9.85000000000000000E+01,3.60113710565778647E-04,2.20654401708511756E-03,4.46218648083344799E-02,3.86218203822181322E-04,3.91240524802921174E-04,1.14655672044296955E-01,1.02062294820419474E-05,5.18390850130258458E-06,2.42889225263073945E-03
9.90000000000000000E+01,4.06198911607747544E-04,2.57243380201264537E-03,3.92305118562578659E-02,3.84582829950124805E-04,3.90395747595654306E-04,1.16812414324849428E-01,1.18416033540985001E-05,6.02868570856938213E-06,2.49916607807558044E-03
9.95000000000000000E+01,4.63636507560970105E-04,3.05833686025359843E-03,3.40199470510190796E-02,3.82437216949093142E-04,3.89280839543973498E-04,1.19445782140868359E-01,1.39872163551300939E-05,7.14359376025014568E-06,2.59041467925103528E-03
1.00000000000000000E+02,5.37974754506075656E-04,3.75932922575403445E-03,2.87934688968916781E-02,3.79395189541221079E-04,3.87686790787758614E-04,1.22777948853819305E-01,1.70292437630022548E-05,8.73764251646497414E-06,2.71759681213024724E-03
1.00500000000000000E+02,6.41337593803276043E-04,4.93075842419505792E-03,2.31965365331535736E-02,3.74451854794546814E-04,3.85061522467566679E-04,1.27236036824089210E-01,2.19725785096765330E-05,1.13629108366569088E-05,2.91813622658179282E-03
1.01000000000000000E+02,8.07999849892726183E-04,7.53592026447397895E-03,1.64989745748873352E-02,3.64040282737812374E-04,3.79389071318054268E-04,1.33726396614306298E-01,3.23841505664109291E-05,1.70353619861693705E-05,3.31738855238421487E-03
1.01500000000000000E+02,1.18636583307005911E-03,1.77007856571903127E-02,7.79091441859768551E-03,3.28991931965413637E-04,3.58982810672920977E-04,1.43616378044543885E-01,6.74325013388096193E-05,3.74416226313027944E-05,4.55042589210614013E-03
1.02000000000000000E+02,2.56911727436195557E-03,7.50042778885519901E-02,1.89124275303965343E-03,2.11208009236458442E-04,2.74704064043694194E-04,1.53413424744220678E-01,1.85216424067764882E-04,1.21720369260529468E-04,9.07494456936330449E-03
1.02500000000000000E+02,5.93946013132940626E-03,2.11076092996157566E-01,7.67310403098267761E-04,1.12566232903348862E-04,1.75164782913538991E-04,1.64709576451395390E-01,2.83858200400874557E-04,2.21259650390684848E-04,1.41004313409761935E-02
1.03000000000000000E+02,1.01286189219252330E-02,3.45331446901786854E-01,5.66425966087692333E-04,7.69954987187598290E-05,1.28909978798954778E-04,1.84912874056382986E-01,3.19428934585463617E-04,2.67514454505269087E-04,1.61264199531106212E-02
1.03500000000000000E+02,1.40543745315569926E-02,4.32574877883940667E-01,5.47652576329894759E-04,6.38861131864374815E-05,1.10028419918372858E-04,2.15213086827222261E-01,3.32538320117785964E-04,2.86396013385850981E-04,1.68592951417768748E-02
1.04000000000000000E+02,1.73772965222094115E-02,4.73399335243861241E-01,5.98320414611025909E-04,5.91657810002630308E-05,1.02961617061559814E-04,2.54531872618178112E-01,3.37258652303960469E-04,2.93462816242664147E-04,1.71303040304526845E-02
1.04500000000000000E+02,2.00432964223360779E-02,4.78097057951471505E-01,6.96580299656789537E-04,5.86510389761748925E-05,1.02185120209210463E-04,3.01279923053929699E-01,3.37773394328048709E-04,2.94239313095013579E-04,1.71858333865509347E-02
1.05000000000000000E+02,2.20849782129676833E-02,4.56312331417345340E-01,8.43795853625055239E-04,6.10038725910715885E-05,1.05740946607883076E-04,3.53841325232113535E-01,3.35420560713152027E-04,2.90683486696341020E-04,1.71042423603224962E-02
1.05500000000000000E+02,2.35517619782934680E-02,4.15256495437151874E-01,1.05516842519034863E-03,6.60115543244162590E-05,1.13186142906873601E-04,4.10696649225054611E-01,3.30412878979807322E-04,2.83238290397350482E-04,1.69034299285069252E-02
1.06000000000000000E+02,2.44800419307234646E-02,3.59766729947453623E-01,1.36571326167247986E-03,7.42551236376766210E-05,1.25098261076522598E-04,4.70416089177480290E-01,3.22169309666546933E-04,2.71326172227701512E-04,1.65645857430769192E-02
1.06500000000000000E+02,2.48714524900107078E-02,2.92513455436648917E-01,1.85712075404882043E-03,8.74947923607922941E-05,1.43386687520620119E-04,5.31570285801791220E-01,3.08929640943431355E-04,2.53037745783603937E-04,1.60215951819967332E-02
1.07000000000000000E+02,2.46554600243100407E-02,2.13618679395144950E-01,2.76951008771327261E-03,1.10599033213619046E-04,1.73040824395430214E-04,5.92482972451923051E-01,2.85825400090604332E-04,2.23383608908793869E-04,1.50942393908578051E-02
1.07500000000000000E+02,2.35651015165763908E-02,1.17989104253428193E-01,5.32470387185988384E-03,1.62319277417543109E-04,2.30733217372744318E-04,6.50065977334990830E-01,2.34105155886680459E-04,1.65691215931479765E-04,1.31382761555133010E-02
1.08000000000000000E+02,2.04773027273824938E-02,6.15962519904612784E-03,5.05327421450390488E-02,3.61275425972855824E-04,3.80207911404705423E-04,6.59036079891695770E-01,3.51490073313677094E-05,1.62165218995183990E-05,5.92321043463284614E-03
1.08500000000000000E+02,1.60163986700219280E-02,3.16672343237236369E-04,2.77516219186452473E-01,3.94862139975777824E-04,3.95656605533562943E-04,4.60810578735117438E-01,1.56229332844589360E-06,7.67827770661098969E-07,2.11260011816818884E-03
1.09000000000000000E+02,1.24881612593765023E-02,2.01113489139000839E-04,4.18417409982374033E-01,3.95456682051048916E-04,3.95942489199282684E-04,3.19801120607892009E-01,9.67751253175155997E-07,4.81944104941155458E-07,2.02907649140703734E-03
1.09500000000000000E+02,9.73724195596378274E-03,1.72160417833079230E-04,4.86423177962034270E-01,3.95601073309557625E-04,3.96013108180000349E-04,2.33723542854299138E-01,8.23359994666583126E-07,4.11325124223505219E-07,2.02007452510832766E-03
1.10000000000000000E+02,7.59393377047791127E-03,1.63908923367395935E-04,5.10178273813664873E-01,3.95642772792708275E-04,3.96033374694256424E-04,1.81410289779197154E-01,7.81660511515880837E-07,3.91058609967385892E-07,2.01751834093357460E-03
1.10500000000000000E+02,5.92455242221870751E-03,1.64671697691164197E-04,5.07689924528174963E-01,3.95640411647528239E-04,3.96031871341919384E-04,1.49652278595582444E-01,7.84021656695965177E-07,3.92561962304344959E-07,2.01730042721565226E-03
1.11000000000000000E+02,4.62462469038883803E-03,1.70650820879735172E-04,4.90085170955325999E-01,3.95612793421971454E-04,3.96017828972311720E-04,1.30394684716695214E-01,8.11639882252788648E-07,4.06604331911958012E-07,2.01834398810309037E-03
1.11500000000000000E+02,3.61265612016518477E-03,1.80299319791811090E-04,4.64221887241295150E-01,3.95567540782478682E-04,3.95994999914633505E-04,1.18738299059465507E-01,8.56892521745561767E-07,4.29433389590252752E-07,2.02023393751583598E-03
1.12000000000000000E+02,2.82512298737575170E-03,1.92924289598538724E-04,4.34312493560717938E-01,3.95508058934950109E-04,3.95965059273164089E-04,1.11706000819224840E-01,9.16374369274366372E-07,4.59374031059721780E-07,2.02278821500115813E-03
1.12500000000000000E+02,2.21252809208298496E-03,2.08232539796184376E-04,4.02927293775136419E-01,3.95435812336262409E-04,3.95928724942115867E-04,1.07489578193225091E-01,9.88620967962085097E-07,4.95708362108034947E-07,2.02592650590386345E-03
1.13000000000000000E+02,1.73631352939604042E-03,2.26139374923381794E-04,3.71614742289966216E-01,3.95351249966489730E-04,3.95886210643912710E-04,1.04991238428215519E-01,1.07318333773471147E-06,5.38222660311285586E-07,2.02962106442506306E-03
1.13500000000000000E+02,1.36644929596571184E-03,2.46689823065616661E-04,3.41285888311281094E-01,3.95254192533916430E-04,3.95837417320984042E-04,1.03544826463122019E-01,1.17024077030798384E-06,5.87015983239955340E-07,2.03387497759782449E-03
1.14000000000000000E+02,1.07955296176299206E-03,2.70019883452732551E-04,3.12453405741251466E-01,3.95144026021824828E-04,3.95782028613807788E-04,1.02746500082408626E-01,1.28040728239958716E-06,6.42404690416257455E-07,2.03871211366795290E-03
1.14500000000000000E+02,8.57423379843729990E-04,2.96333693400642646E-04,2.85380986208682685E-01,3.95019822231666630E-04,3.95719570530664105E-04,1.02351841225704676E-01,1.40461107255780021E-06,7.04862773559965303E-07,2.04417205814447916E-03
1.15000000000000000E+02,6.85897391879613703E-04,3.25902796181689789E-04,2.60177163162124192E-01,3.94880327442746217E-04,3.95649403944851289E-04,1.02213356830553562E-01,1.54410586147826884E-06,7.75029359372696697E-07,2.05030795609746240E-03
1.15500000000000000E+02,5.53961131149108125E-04,3.59056631087847737E-04,2.36854411340367554E-01,3.94724028921819201E-04,3.95570758252096781E-04,1.02242628209390424E-01,1.70040438240524075E-06,8.53675052127127366E-07,2.05718562912036865E-03
1.16000000000000000E+02,4.53054356485865935E-04,3.96188660032991541E-04,2.15366797669652249E-01,3.94549115968925441E-04,3.95482711131894371E-04,1.02387240255491771E-01,1.87531733529904409E-06,9.41722172329507869E-07,2.06488381912304717E-03
1.16500000000000000E+02,3.76533843366788211E-04,4.37761542751998562E-04,1.95633837781239800E-01,3.94353464422634041E-04,3.95384179641786995E-04,1.02616889365124364E-01,2.07096888159044955E-06,1.04025366243689098E-06,2.07349531692718227E-03
1.17000000000000000E+02,3.19251626653660329E-04,4.84315378724077897E-04,1.77555846359463643E-01,3.94134610443285850E-04,3.95273904763877122E-04,1.02914919931182958E-01,2.28982286093868233E-06,1.15052854034666540E-06,2.08312783354155408E-03
1.17500000000000000E+02,2.77228560612062871E-04,5.36490016461721887E-04,1.61023747155688929E-01,3.93889625923752305E-04,3.95150387878936634E-04,1.03273226471972790E-01,2.53480738047222208E-06,1.27404542528717205E-06,2.09390819165165267E-03
1.18000000000000000E+02,2.47401343403629709E-04,5.95024273015270426E-04,1.45925266349488353E-01,3.93615153376704070E-04,3.95011910555301965E-04,1.03689250685602224E-01,2.80927992752036841E-06,1.41252274892184328E-06,2.10598378772776243E-03
1.18500000000000000E+02,2.27426414101218079E-04,6.60798078893046919E-04,1.32148876438427376E-01,3.93307211639072553E-04,3.94856429035244792E-04,1.04164182829319274E-01,3.11722166515193835E-06,1.56800426897902872E-06,2.11952831767262461E-03
1.19000000000000000E+02,2.15527251322459288E-04,7.34860158423844838E-04,1.19586179221289793E-01,3.92961072224902702E-04,3.94681509405459680E-04,1.04701963458013816E-01,3.46336107932173245E-06,1.74292389876409693E-06,2.13474678880720475E-03
1.19500000000000000E+02,2.10380260699174760E-04,8.18471404945032345E-04,1.08133275705523391E-01,3.92571062708380893E-04,3.94484228667256042E-04,1.05308813028427817E-01,3.85337059584355035E-06,1.94020463696771942E-06,2.15188523095722001E-03
1.20000000000000000E+02,2.11025813122438162E-04,9.13170747011284685E-04,9.76914211870166804E-02,3.92130345103822013E-04,3.94261045523893816E-04,1.05993090836071668E-01,4.29408820040247244E-06,2.16338778032993505E-06,2.17124030160381057E-03
1.20500000000000000E+02,2.16804330652519870E-04,1.02086311901662457E-03,8.81671910496335670E-02,3.91630429740228174E-04,3.94007567735228767E-04,1.06765431248280848E-01,4.79400356399636367E-06,2.41686556899487549E-06,2.19317796684097375E-03
1.21000000000000000E+02,2.27311628073888368E-04,1.14396182184250505E-03,7.94722479312536256E-02,3.91060681153328226E-04,3.93718258627526771E-04,1.07639144104415274E-01,5.36375215089626553E-06,2.70617467669687398E-06,2.21815504320824241E-03
1.21500000000000000E+02,2.42372960151702506E-04,1.28558754738466487E-03,7.15227340063057382E-02,3.90407395539613057E-04,3.93385976951201634E-04,1.08630942218879992E-01,6.01703776461143786E-06,3.03845635302194172E-06,2.24675845036666818E-03
1.22000000000000000E+02,2.62035617261943633E-04,1.44991853533642809E-03,6.42383045041952372E-02,3.89652382212383151E-04,3.93001196684422520E-04,1.09762065986065735E-01,6.77205109184132782E-06,3.42323661980110731E-06,2.27975976212848588E-03
1.22500000000000000E+02,2.86585324152764534E-04,1.64271761875777280E-03,5.75405430920531008E-02,3.88770698130201740E-04,3.92550830900876180E-04,1.11060159166825018E-01,7.65373517402274622E-06,3.87360240334750204E-06,2.31821392037414491E-03
1.23000000000000000E+02,3.16596541421393656E-04,1.87235767850467156E-03,5.13505375768750702E-02,3.87726401937596996E-04,3.92015930464312105E-04,1.12562271019125845E-01,8.69803136662743208E-06,4.40850283991154980E-06,2.36362304310007215E-03
1.23500000000000000E+02,3.53039230872795686E-04,2.15169736920623692E-03,4.55848041513003260E-02,3.86464784558839599E-04,3.91367536213407547E-04,1.14319971428046480E-01,9.95964874538472957E-06,5.05689709081607056E-06,2.41824898858237613E-03
1.24000000000000000E+02,3.97503276745416465E-04,2.50204549949391416E-03,4.01478098205405032E-02,3.84896132218341929E-04,3.90557917101187941E-04,1.16408905711820804E-01,1.15283010858824955E-05,5.86651620303565171E-06,2.48574794625794609E-03
1.24500000000000000E+02,4.52676402367847321E-04,2.96243923791960403E-03,3.49173714535274404E-02,3.82858283734254217E-04,3.89500238874373062E-04,1.18947285383371418E-01,1.35661495699701739E-05,6.92419442985044452E-06,2.57260177915866802E-03
1.25000000000000000E+02,5.23491050726784162E-04,3.61497848152884851E-03,2.97127710498279289E-02,3.80016433641463343E-04,3.88013634338556170E-04,1.22135767428748487E-01,1.64079996627609195E-05,8.41079896566733868E-06,2.69184916236478314E-03
1.25500000000000000E+02,6.20380162354778404E-04,4.67060625040270627E-03,2.42176763362989024E-02,3.75534764051400937E-04,3.85640386915885318E-04,1.26352586480094675E-01,2.08896692528234845E-05,1.07840463883380650E-05,2.87486703717628866E-03
1.26000000000000000E+02,7.71258293141879512E-04,6.87013839681336561E-03,1.77892662497769333E-02,3.66630376152970430E-04,3.80818076420489510E-04,1.32391437334289236E-01,2.97940571512540387E-05,1.56063568837338716E-05,3.22059843591989380E-03
1.26500000000000000E+02,1.08707204312620954E-03,1.44895965631229810E-02,9.38543718669750462E-03,3.39284344270885426E-04,3.65174563251660493E-04,1.41679027653994122E-01,5.71400890333389477E-05,3.12498700525627905E-05,4.19560781256292110E-03
1.27000000000000000E+02,2.18811336867139614E-03,5.85354298057162784E-02,2.40075182325256943E-03,2.35873169472837751E-04,2.94765263547762065E-04,1.51912928235867412E-01,1.60551263831386739E-04,1.01659169756461272E-04,8.01506634260688161E-03
1.27500000000000000E+02,5.25055474704234047E-03,1.85134164023527531E-01,8.49371271529045365E-04,1.23604801790642944E-04,1.88207135388518588E-04,1.62218428424544370E-01,2.72819631513581437E-04,2.08217297915704952E-04,1.34799568389975533E-02
1.28000000000000000E+02,9.40392991901516963E-03,3.25059851524028331E-01,5.81815122737633166E-04,8.08512553700905547E-05,1.34263311850264333E-04,1.80675855867790558E-01,3.15573177934133989E-04,2.62161121453959207E-04,1.59085085214744452E-02
1.28500000000000000E+02,1.34131155862181640E-02,4.21028223712299143E-01,5.44687149010431135E-04,6.53590882229882365E-05,1.12204037141142035E-04,2.09274623136607496E-01,3.31065345081236226E-04,2.84220396163081519E-04,1.67771829091747267E-02
1.29000000000000000E+02,1.68486704686623585E-02,4.69213468738355677E-01,5.85933210766227024E-04,5.96186224803706182E-05,1.03645757640697089E-04,2.47139475639014700E-01,3.36805810823853993E-04,2.92778675663526479E-04,1.71024710113376020E-02
1.29500000000000000E+02,1.96273469619118249E-02,4.79420730593325017E-01,6.76262413932152725E-04,5.85159172250824646E-05,1.01979412832404621E-04,2.92717642837428516E-01,3.37908516079142086E-04,2.94445020471818906E-04,1.71871915830136730E-02
1.30000000000000000E+02,2.17736681439263877E-02,4.61638083055441684E-01,8.14300161744581060E-04,6.04101046048716796E-05,1.04847263559857066E-04,3.44383502474811254E-01,3.36014328699352986E-04,2.91577169744366353E-04,1.71269240467263467E-02
1.30500000000000000E+02,2.33368432900731698E-02,4.23512832157332875E-01,1.01277459817981160E-03,6.49390889891550302E-05,1.11605255315676044E-04,4.00598942548638870E-01,3.31485344315069635E-04,2.84819177988547361E-04,1.69471288586064625E-02
1.31000000000000000E+02,2.43570442942587367E-02,3.70272953896455870E-01,1.30220783063545722E-03,7.25399219052906509E-05,1.22654060112415027E-04,4.59922605406887619E-01,3.23884511398933974E-04,2.73770373191808297E-04,1.66352356609666893E-02
1.31500000000000000E+02,2.48437707373151441E-02,3.04964898075593127E-01,1.75235049387538889E-03,8.46995840646840920E-05,1.39608595248826923E-04,5.20935935014126827E-01,3.11724849239540492E-04,2.56815838055396482E-04,1.61356991154193406E-02
1.32000000000000000E+02,2.47436307214340956E-02,2.28237483439921146E-01,2.55724534409833976E-03,1.05444514287899582E-04,1.66657882655458692E-04,5.82039227731291908E-01,2.90979919016324813E-04,2.29766550648764740E-04,1.52984665180857064E-02
1.32500000000000000E+02,2.38433482115790497E-02,1.36335875449062532E-01,4.57700942733414023E-03,1.49001149618555045E-04,2.16887661116082125E-04,6.40627368741710335E-01,2.47423283685669227E-04,1.79536772188141307E-04,1.36256927049320156E-02
1.33000000000000000E+02,2.12576424479282641E-02,1.86904280250067348E-02,2.59926398246993554E-02,3.13350087423597008E-04,3.52759664847378338E-04,6.75171478176264328E-01,8.30743458806273462E-05,4.36647684568448297E-05,7.99892357111509772E-03
1.33500000000000000E+02,1.67215241454590942E-02,3.75542388944784939E-04,2.42969505372627348E-01,3.94544870517041842E-04,3.95507868717438012E-04,4.92781293595055681E-01,1.87956278718240429E-06,9.16564586785154129E-07,2.18795838096353182E-03
1.34000000000000000E+02,1.30385786428175183E-02,2.10649042739289086E-04,4.00220000537701515E-01,3.95408905884875284E-04,3.95919182594944808E-04,3.39566431926317192E-01,1.01552741934892114E-06,5.05250709278716594E-07,2.03255523301870645E-03
1.34500000000000000E+02,1.01662006802308649E-02,1.75112984230734348E-04,4.78450856005894432E-01,3.95586350726876541E-04,3.96005906737683852E-04,2.45747625945199111E-01,8.38082577347504877E-07,4.18526566539874938E-07,2.02094064163568831E-03
1.35000000000000000E+02,7.92809285249268525E-03,1.64524347217430682E-04,5.08339633593708928E-01,3.95639541143588095E-04,3.96031832964749777E-04,1.88713718422494847E-01,7.84892160636030406E-07,3.92600339474104954E-07,2.01774431136376086E-03
1.35500000000000000E+02,6.18479415651721192E-03,1.64101095027241765E-04,5.09449721519559917E-01,3.95642947813834285E-04,3.96033186800075849E-04,1.54083997549842588E-01,7.81485490389807782E-07,3.91246504147925341E-07,2.01723025462357836E-03
1.36000000000000000E+02,4.82724990754527811E-03,1.69323414027579261E-04,4.93878960939450551E-01,3.95618982702819271E-04,3.96020960827039642E-04,1.33080234242477696E-01,8.05450601404799599E-07,4.03472477184090261E-07,2.01809500077985244E-03
1.36500000000000000E+02,3.77037523032221558E-03,1.78400342680402635E-04,4.69086582866457047E-01,3.95576466699249147E-04,3.95999496932554907E-04,1.20361921852427139E-01,8.47966604974886593E-07,4.24936371668943009E-07,2.01985545977108544E-03
1.37000000000000000E+02,2.94784163908559747E-03,1.90538976540121280E-04,4.39657862586826376E-01,3.95519305672901154E-04,3.95970717594760786E-04,1.12683394837649956E-01,9.05127631322820232E-07,4.53715709463104267E-07,2.02230230741593398E-03
1.37500000000000000E+02,2.30796380695455060E-03,2.05392596238732962E-04,4.08394804061480987E-01,3.95449219094498974E-04,3.95935466651829574E-04,1.08073182070516319E-01,9.75214209724812211E-07,4.88966652394244228E-07,2.02534247408489229E-03
1.38000000000000000E+02,1.81047754115527489E-03,2.22849239139417260E-04,3.76990229138705280E-01,3.95366788960706522E-04,3.95894022481309174E-04,1.05334269842588438E-01,1.05764434351750628E-06,5.30410822914599720E-07,2.02894109038019230E-03
1.38500000000000000E+02,1.42402322954158253E-03,2.42934062753712209E-04,3.46445290318875887E-01,3.95271929712010005E-04,3.95846334459522243E-04,1.03740245903900435E-01,1.15250359221400868E-06,5.78098844701618206E-07,2.03309687812247347E-03
1.39000000000000000E+02,1.12418126383356191E-03,2.65768800083627762E-04,3.17329046414461580E-01,3.95164098578417822E-04,3.95792121348993633E-04,1.02850615226217496E-01,1.26033472580624058E-06,6.32311955230234381E-07,2.03783049332170946E-03
1.39500000000000000E+02,8.91942337803179803E-04,2.91548018131954306E-04,2.89940401390201830E-01,3.95042404477472637E-04,3.95730927971750068E-04,1.02398681016897281E-01,1.38202882675146394E-06,6.93505332473754397E-07,2.04317906757595568E-03
1.40000000000000000E+02,7.12513953010638517E-04,3.20530615705975756E-04,2.64409737308597237E-01,3.94905665017240576E-04,3.95662151722405331E-04,1.02223429764591797E-01,1.51876828698347780E-06,7.62281581818467064E-07,2.04919346983968836E-03
1.40500000000000000E+02,5.74390598221610196E-04,3.53038180572159618E-04,2.40763020440748904E-01,3.94752395156052903E-04,3.95585033276992437E-04,1.02228167655790986E-01,1.67203814817109275E-06,8.39400027231292885E-07,2.05593730117620711E-03
1.41000000000000000E+02,4.68629972195443428E-04,3.89447686513277934E-04,2.18962400779338762E-01,3.94580852083699124E-04,3.95498688903392218E-04,1.02355451417298016E-01,1.84358122052506712E-06,9.25744400831434521E-07,2.06348701991644363E-03
1.41500000000000000E+02,3.88289409437959769E-04,4.30215561402654142E-04,1.98932104601785398E-01,3.94388962086621652E-04,3.95402058818249201E-04,1.02571859620088621E-01,2.03547121760261727E-06,1.02237448597439857E-06,2.07193265110579847E-03
1.42000000000000000E+02,3.27987421016016716E-04,4.75865718982864359E-04,1.80574951535515560E-01,3.94174315621801654E-04,3.95293914747256632E-04,1.02858809042074173E-01,2.25011768242252824E-06,1.13051855696700711E-06,2.08138004288505518E-03
1.42500000000000000E+02,2.83562717732452904E-04,5.27015004684769101E-04,1.63782958121236388E-01,3.93934091882133168E-04,3.95172812355441003E-04,1.03206983720546999E-01,2.49034142209087713E-06,1.25162094878270586E-06,2.09195160555070104E-03
1.43000000000000000E+02,2.51808078613239357E-04,5.84387576877504872E-04,1.48444077603008734E-01,3.93665000713951053E-04,3.95037067150717867E-04,1.03613011193889867E-01,2.75943259027297379E-06,1.38736615350581291E-06,2.10379113555237730E-03
1.43500000000000000E+02,2.30266735672031507E-04,6.48837275016798378E-04,1.34446442632737861E-01,3.93363172940215243E-04,3.94884693571198435E-04,1.04077517009029757E-01,3.06126036400875115E-06,1.53973973302519741E-06,2.11706728091609229E-03
1.44000000000000000E+02,2.17073794662289016E-04,7.21379771887981015E-04,1.21680991893619070E-01,3.93024025020010596E-04,3.94713334369893847E-04,1.04604018061351695E-01,3.40040828421345872E-06,1.71109893432974925E-06,2.13197942530772349E-03
1.44500000000000000E+02,2.10835457023455657E-04,8.03234770879689836E-04,1.10042990352961112E-01,3.92642079025130094E-04,3.94520165874341644E-04,1.05198366284840625E-01,3.78235427909390064E-06,1.90426742988197224E-06,2.14876540351827041E-03
1.45000000000000000E+02,2.10532089949295743E-04,8.95886997292103427E-04,9.94327633000564592E-02,3.92210702127036728E-04,3.94301759901643188E-04,1.05868531265109367E-01,4.21373117718722891E-06,2.12267340258039152E-06,2.16771234623493701E-03
1.45500000000000000E+02,2.15456624573109640E-04,1.00117095231072508E-03,8.97559757502230660E-02,3.91721740250357796E-04,3.94053891728616732E-04,1.06624737544440046E-01,4.70269305386620553E-06,2.37054157560687215E-06,2.18917250452516738E-03
1.46000000000000000E+02,2.25163120594354475E-04,1.12139809184566650E-03,8.09234398260044174E-02,3.91164973318613150E-04,3.93771251620397649E-04,1.07479793415387700E-01,5.25945998561091850E-06,2.65318168382599096E-06,2.21358527288583731E-03
1.46500000000000000E+02,2.39438005861860876E-04,1.25955449247597425E-03,7.28505884571385570E-02,3.90527311610014969E-04,3.93447010842198940E-04,1.08449744234069945E-01,5.89712169420906464E-06,2.97742246202480454E-06,2.24151044242767083E-03
1.47000000000000000E+02,2.58289707897577721E-04,1.41958640050057695E-03,6.54565427209223283E-02,3.89791496073487961E-04,3.93072156462913704E-04,1.09554951789749305E-01,6.63293723073612775E-06,3.35227684130991858E-06,2.27368397680908184E-03
1.47500000000000000E+02,2.81960418094152497E-04,1.60694257708391764E-03,5.86627062314375863E-02,3.88933961465923043E-04,3.92634311473274414E-04,1.10821774819554797E-01,7.49047183830106031E-06,3.79012183094922464E-06,2.31110090712676646E-03
1.48000000000000000E+02,3.10968501018659836E-04,1.82943700210408443E-03,5.23904922519709687E-02,3.87921097611672436E-04,3.92115778422539652E-04,1.12285322279468122E-01,8.50333569255169782E-06,4.30865488168403252E-06,2.35516943075995836E-03
1.48500000000000000E+02,3.46203925301222747E-04,2.09894672491702091E-03,4.65576072910015501E-02,3.86702291347689733E-04,3.91489786177663733E-04,1.13994143196884654E-01,9.72214195653438864E-06,4.93464712655996861E-06,2.40798693068799280E-03
1.49000000000000000E+02,3.89125081381249381E-04,2.43487570175568739E-03,4.10713778454318210E-02,3.85195696409507279E-04,3.90712828161906547E-04,1.16018734179043653E-01,1.12287368947168245E-05,5.71160514231720611E-06,2.47289771387061968E-03
1.49500000000000000E+02,4.42174664337620057E-04,2.87206916464689864E-03,3.58158470437445475E-02,3.83256166437421575E-04,3.89707281771266517E-04,1.18467901341975379E-01,1.31682668668024533E-05,6.71715153295715208E-06,2.55572536546808419E-03
1.50000000000000000E+02,5.09755823652483973E-04,3.48182120739831159E-03,3.06241065741574663E-02,3.80591890972261304E-04,3.88315785581480480E-04,1.21523461462086813E-01,1.58325423319627791E-05,8.10864772274318572E-06,2.66789338365706246E-03
1.50500000000000000E+02,6.00907312515846235E-04,4.43999017979799203E-03,2.52125985437974681E-02,3.76501783298239644E-04,3.86155510551263272E-04,1.25521474193529520E-01,1.99226500059844586E-05,1.02689227529602834E-05,2.83591530094021464E-03
1.51000000000000000E+02,7.38635529701421362E-04,6.32497865697449063E-03,1.90161400282855657E-02,3.68786009768607434E-04,3.81998458414581886E-04,1.31156558275514340E-01,2.76384235356166077E-05,1.44259748896418226E-05,3.13886987884919987E-03
1.51500000000000000E+02,1.00715228225209267E-03,1.21626728557525463E-02,1.09864865043030179E-02,3.47154871768146729E-04,3.69799296343717768E-04,1.39801352083561037E-01,4.92695615360772658E-05,2.66251369605060129E-05,3.92232269136087719E-03
1.52000000000000000E+02,1.87605362987540566E-03,4.51200025469894947E-02,3.10053707822109019E-03,2.60422297838475733E-04,3.13305455590482328E-04,1.50382291039598104E-01,1.36002135465748106E-04,8.31189777137418084E-05,7.02933967740883986E-03
1.52500000000000000E+02,4.59302473271560631E-03,1.59408306867869914E-01,9.59597752611163028E-04,1.36914874740440751E-04,2.03200881277438482E-04,1.59992309738119620E-01,2.59509558563782844E-04,1.93223552026785818E-04,1.27472228285687092E-02
1.53000000000000000E+02,8.67265527443572028E-03,3.03335752095318711E-01,6.02914552582039230E-04,8.54371518131525053E-05,1.40516989497751322E-04,1.76748196123494433E-01,3.10987281491071320E-04,2.55907443806473005E-04,1.56480081110953947E-02
1.53500000000000000E+02,1.27538014552442298E-02,4.08021734896975463E-01,5.43875792732127859E-04,6.71015794654287318E-05,1.14759721756186857E-04,2.03614680522376551E-01,3.29322853838795080E-04,2.81664711548037443E-04,1.66801898337115041E-02
1.54000000000000000E+02,1.63000049318528621E-02,4.63888254023184510E-01,5.74964749271299810E-04,6.02039940457627627E-05,1.04528242434237547E-04,2.39977520235401504E-01,3.36220439258461178E-04,2.91896190869986739E-04,1.70678104149885115E-02
1.54500000000000000E+02,1.91922856454759191E-02,4.79910156173968483E-01,6.57344315510968290E-04,5.84680870583853386E-05,1.01906174512610996E-04,2.84336457418669475E-01,3.37956346245838737E-04,2.94518258791613479E-04,1.71843405511252802E-02
1.55000000000000000E+02,2.14448120956689386E-02,4.66359701386282133E-01,7.86575787936642226E-04,5.98936156667349571E-05,1.04067949784992765E-04,3.35060415676064149E-01,3.36530817637488997E-04,2.92356483519231670E-04,1.71461031145322233E-02
1.55500000000000000E+02,2.31056470536512085E-02,4.31321844726104964E-01,9.73023710722337913E-04,6.39564388088051784E-05,1.10150308163248629E-04,3.90592731660709513E-01,3.32467994495418769E-04,2.86274125140975806E-04,1.69869609442539794E-02
1.56000000000000000E+02,2.42181372354145844E-02,3.80423971035791952E-01,1.24328461972734658E-03,7.09562963285673999E-05,1.20381543759062528E-04,4.49478349686454393E-01,3.25468136975656439E-04,2.76042889545161812E-04,1.67004526049113235E-02
1.56500000000000000E+02,2.47987703067261908E-02,3.17084467971659845E-01,1.65726990832009043E-03,8.21448188800161011E-05,1.36117287634919651E-04,5.10304013059684314E-01,3.14279614424207738E-04,2.60307145669304621E-04,1.62402782845325888E-02
1.57000000000000000E+02,2.48088583088357517E-02,2.42429615955350980E-01,2.37379894563226074E-03,1.00877934465923142E-04,1.60894440033330623E-04,5.71528164296062569E-01,2.95546498838300574E-04,2.35529993270893433E-04,1.54807300964647943E-02
1.57500000000000000E+02,2.40775243788876429E-02,1.53800221849552055E-01,4.02098896541206070E-03,1.38184786175147949E-04,2.05155810228892926E-04,6.30873334076176295E-01,2.58239647129075863E-04,1.91268623075331102E-04,1.40297475564076946E-02
1.58000000000000000E+02,2.19280012451304046E-02,3.91083619213926231E-02,1.49329799065132194E-02,2.62380481943639123E-04,3.17712547216993069E-04,6.77210702260074515E-01,1.34043951360584581E-04,7.87118860872312165E-05,9.73724472556198803E-03
1.58500000000000000E+02,1.74571289847275241E-02,4.78593707659876150E-04,2.05115840647100200E-01,3.93970805158944234E-04,3.95243630584411006E-04,5.27118786923906568E-01,2.45362814527936674E-06,1.18080271981313278E-06,2.34178390665367928E-03
1.59000000000000000E+02,1.36133580896337387E-02,2.22642449358826760E-04,3.79670904478805027E-01,3.95348560982313835E-04,3.95889810438429925E-04,3.61104465973524746E-01,1.07587232190965728E-06,5.34622865794146932E-07,2.03755423300630047E-03
1.59500000000000000E+02,1.06142005594024001E-02,1.78722410512616034E-04,4.69052858902947234E-01,3.95568362571692563E-04,3.95997104843160720E-04,2.58857811227218793E-01,8.56070732530895870E-07,4.27328461063211930E-07,2.02200337367786738E-03
1.60000000000000000E+02,8.27710417644147121E-03,1.65427004015650117E-04,5.05653757529901937E-01,3.95634908513680858E-04,3.96029599309158614E-04,1.96678303519771114E-01,7.89524790542613915E-07,3.94833995065242801E-07,2.01804490796667979E-03
1.60500000000000000E+02,6.45661413353002325E-03,1.63694426119408702E-04,5.10719692218789767E-01,3.95644692737583830E-04,3.96034108732729062E-04,1.58917760501461919E-01,7.79740566639574469E-07,3.90324571494620894E-07,2.01719981808229799E-03
1.61000000000000000E+02,5.03889943370945843E-03,1.68109411336075281E-04,4.97403203731289600E-01,3.95624626483767497E-04,3.96023820969819754E-04,1.36010248822616725E-01,7.99806820455959548E-07,4.00612334403916960E-07,2.01787229698431256E-03
1.61500000000000000E+02,3.93512781189364093E-03,1.76592886886861930E-04,4.73817088624446991E-01,3.95584958225654950E-04,3.96003777285542920E-04,1.22134253982307497E-01,8.39475078568533685E-07,4.20656018680781043E-07,2.01949724039625356E-03
1.62000000000000000E+02,3.07604253375426406E-03,1.88234408193153744E-04,4.44951701263382182E-01,3.95530169792249653E-04,3.95976184415571929E-04,1.13751341180282198E-01,8.94263511973857119E-07,4.48248888651699788E-07,2.02183400930493586E-03
1.62500000000000000E+02,2.40767319316267242E-03,2.02630804777748650E-04,4.13860692377206019E-01,3.95462257001399778E-04,3.95942022405448249E-04,1.08712008914408770E-01,9.62176302823590129E-07,4.82410898775442641E-07,2.02477503874392032E-03
1.63000000000000000E+02,1.88797399405072112E-03,2.19637285820417638E-04,3.82393539887899259E-01,3.95381957917305524E-04,3.95901648535555923E-04,1.05711092699551160E-01,1.04247538691785427E-06,5.22784768667604487E-07,2.02827771468762916E-03
1.63500000000000000E+02,1.48419604724538958E-03,2.39259645957277082E-04,3.51649228431561656E-01,3.95289278975030254E-04,3.95855057299568489E-04,1.03956435042127995E-01,1.13515432919302777E-06,5.69376004655129683E-07,2.03233608676705799E-03
1.64000000000000000E+02,1.17083766352070115E-03,2.61604844662294831E-04,3.22257922378920258E-01,3.95183758409645538E-04,3.95802007629235625E-04,1.02967623782358575E-01,1.24067489457783171E-06,6.22425674987917105E-07,2.03696724583934952E-03
1.64500000000000000E+02,9.28045670625444671E-04,2.86858474891495184E-04,2.94556737685169545E-01,3.95064540105009257E-04,3.95742059607854548E-04,1.02453678687437169E-01,1.35989319921420774E-06,6.82373696369034787E-07,2.04220583411040234E-03
1.65000000000000000E+02,7.40369617397325158E-04,3.15265324247717825E-04,2.68699852923517168E-01,3.94930501454424034E-04,3.95674643875406978E-04,1.02238809840721534E-01,1.49393184979941955E-06,7.49789428816608671E-07,2.04810063809300830E-03
1.65500000000000000E+02,5.95791199882954943E-04,3.47136917483039363E-04,2.44727900670444060E-01,3.94780217498098428E-04,3.95599032086504357E-04,1.02217327904592759E-01,1.64421580612504305E-06,8.25401217719230115E-07,2.05471286651583802E-03
1.66000000000000000E+02,4.84968230196421829E-04,3.82838421963276260E-04,2.22611905598018189E-01,3.94611978725048496E-04,3.95514359955207318E-04,1.02326295000393114E-01,1.81245457917493909E-06,9.10073349016191850E-07,2.06211696129161067E-03
1.66500000000000000E+02,4.00645989905064261E-04,4.22815975092308163E-04,2.02281274206464884E-01,3.94423781644582746E-04,3.95419596992961078E-04,1.02528915732050654E-01,2.00065165964060535E-06,1.00483631126241504E-06,2.07040030669465103E-03
1.67000000000000000E+02,3.37199125555982923E-04,4.67577861305107747E-04,1.83641644392453729E-01,3.94213268114689496E-04,3.95313544352252782E-04,1.02804512728988010E-01,2.21116518953387336E-06,1.11088895197073477E-06,2.07966564430520301E-03
1.67500000000000000E+02,2.90275476198213506E-04,5.17726336392901635E-04,1.66586332831755890E-01,3.93977695772008204E-04,3.95194799534713038E-04,1.03142450300546584E-01,2.44673753221523658E-06,1.22963376951045154E-06,2.09003298964035526E-03
1.68000000000000000E+02,2.56519109612899190E-04,5.73957987954784110E-04,1.51003629683812896E-01,3.93713878926888264E-04,3.95061732795198807E-04,1.03538502511360597E-01,2.71055437733515096E-06,1.36270050902475214E-06,2.10164089026316711E-03
1.68500000000000000E+02,2.33356067578329752E-04,6.37116930237927991E-04,1.36781428280769030E-01,3.93418025146044840E-04,3.94912393913656606E-04,1.03992687737002237E-01,3.00640815817867893E-06,1.51203939056682623E-06,2.11465488730501298E-03
1.69000000000000000E+02,2.18828306935568852E-04,7.08175717222950100E-04,1.23810032839628020E-01,3.93085709697309216E-04,3.94744512930949112E-04,1.04508087659625645E-01,3.33872360691435786E-06,1.67992037327415481E-06,2.12926761077433932E-03
1.69500000000000000E+02,2.11466451963731358E-04,7.88318575445354219E-04,1.11983881644218977E-01,3.92711623775966929E-04,3.94555352181505793E-04,1.05090160958012782E-01,3.71280952825670614E-06,1.86908112271744680E-06,2.14570970847232376E-03
1.70000000000000000E+02,2.10192953438906327E-04,8.78978984119752039E-04,1.01202407205812195E-01,3.92289348437260149E-04,3.94341597422514655E-04,1.05746517344658703E-01,4.13508486696352069E-06,2.08283588170841582E-06,2.16425900862448695E-03
1.70500000000000000E+02,2.14250420145024542E-04,9.81923245310906568E-04,9.13703516363365276E-02,3.91811031943586278E-04,3.94099180864637254E-04,1.06486974419167560E-01,4.61340136063739104E-06,2.32525243958576177E-06,2.18525493130894682E-03
1.71000000000000000E+02,2.23149685227708058E-04,1.09936911335013765E-03,8.23976560801787244E-02,3.91266863917387258E-04,3.93823007377261955E-04,1.07323847943804965E-01,5.15756938683637313E-06,2.60142592696106138E-06,2.20911957277688782E-03
1.71500000000000000E+02,2.36638384661320652E-04,1.23416342755498375E-03,7.41990022831805068E-02,3.90644324595894267E-04,3.93506555489529981E-04,1.08272565322109632E-01,5.78010870832926180E-06,2.91787781469302355E-06,2.23638938409987699E-03
1.72000000000000000E+02,2.54686434054024447E-04,1.39006722923912186E-03,6.66929685220286617E-02,3.89926987773448180E-04,3.93141240027633846E-04,1.09352635695759870E-01,6.49744553077541083E-06,3.28319327658925703E-06,2.26776389938997689E-03
1.72500000000000000E+02,2.77493289541002632E-04,1.57221011188225313E-03,5.98006888411774240E-02,3.89092611650686054E-04,3.92715395079759567E-04,1.10589217953270563E-01,7.33182165353761470E-06,3.70903822446350420E-06,2.30418515647449768E-03
1.73000000000000000E+02,3.05524574939403429E-04,1.78790658981584387E-03,5.34437904106951911E-02,3.88109701011651810E-04,3.92212448002224095E-04,1.12015639792306748E-01,8.31473229257182519E-06,4.21198530199907156E-06,2.34697467379840850E-03
1.73500000000000000E+02,3.39595793018028188E-04,2.04815452912588628E-03,4.75409836885337250E-02,3.86931308318488605E-04,3.91607582846268082E-04,1.13677664480708027E-01,9.49312498573494095E-06,4.81685045795505395E-06,2.39808150511333943E-03
1.74000000000000000E+02,3.81045615800086862E-04,2.37066535111258225E-03,4.20020712994852996E-02,3.85482579381968976E-04,3.90861048974178876E-04,1.15641118469281157E-01,1.09418539222544713E-05,5.56338433004432066E-06,2.46057295329029204E-03
1.74500000000000000E+02,4.32099120161796662E-04,2.78666516411971371E-03,3.67165331724977895E-02,3.83633136108680348E-04,3.89903202750169176E-04,1.18006400784926621E-01,1.27912971955429879E-05,6.52123055405396363E-06,2.53969873825300773E-03
1.75000000000000000E+02,4.96701861215587777E-04,3.35842008872110466E-03,3.15294696335877075E-02,3.81127229580488773E-04,3.88596353727671236E-04,1.20938721578933400E-01,1.52972037237345096E-05,7.82807957655178276E-06,2.64551856848472839E-03
1.75500000000000000E+02,5.82734804781979781E-04,4.23377541602058208E-03,2.61853644594380632E-02,3.77372146484472289E-04,3.86617707460206155E-04,1.24737775433980458E-01,1.90522868197511262E-05,9.80672584401688878E-06,2.80060374931480815E-03
1.76000000000000000E+02,7.09362403877973006E-04,5.87063187461475244E-03,2.01869094566222047E-02,3.70607605601367080E-04,3.82989521570512069E-04,1.30012010116932947E-01,2.58168277028562679E-05,1.34349117337110223E-05,3.06888748763846104E-03
1.76500000000000000E+02,9.41542754124637376E-04,1.04472457365247153E-02,1.25460454461438376E-02,3.53207220722187890E-04,3.73289759899956338E-04,1.38024073700492078E-01,4.32172125820353859E-05,2.31346734042668707E-05,3.70942229347355186E-03
1.77000000000000000E+02,1.62716600628035404E-03,3.46434868628184359E-02,4.03332785342685844E-03,2.83198569306366936E-04,3.29395234991485268E-04,1.48754121159559521E-01,1.13225863997856428E-04,6.70291983127379741E-05,6.16863266611204341E-03
1.77500000000000000E+02,3.97716209760224683E-03,1.34496097032872658E-01,1.10919682883514354E-03,1.52837999837680057E-04,2.20166403243154951E-04,1.58005521471289684E-01,2.43586433466543267E-04,1.76258030061068264E-04,1.18980370817720633E-02
1.78000000000000000E+02,7.93899172566393113E-03,2.80273088505147538E-01,6.31205744019322631E-04,9.09126271733172946E-05,1.47826889790830687E-04,1.73131641371935208E-01,3.05511806130906449E-04,2.48597543513392582E-04,1.53356399101331128E-02
1.78500000000000000E+02,1.20775822267057305E-02,3.93517061705234650E-01,5.45517877321442302E-04,6.91576009762645099E-05,1.17750386811921851E-04,1.98242118981720256E-01,3.27266832327958990E-04,2.78674046492301351E-04,1.65656753305813143E-02
1.79000000000000000E+02,1.57314567926331202E-02,4.57366496508424369E-01,5.65472703083065315E-04,6.09360541681746529E-05,1.05628784008907287E-04,2.33056495698431121E-01,3.35488379136048888E-04,2.90795649295316023E-04,1.70255046833819521E-02
1.79500000000000000E+02,1.87379656448319540E-02,4.79517087537560172E-01,6.39802702777257800E-04,5.85121605004402680E-05,1.01972481710213756E-04,2.76146871940964267E-01,3.37912272803783198E-04,2.94451951594009635E-04,1.71770097108817840E-02
1.80000000000000000E+02,2.10982173544700911E-02,4.70441481243658033E-01,7.60536804358624328E-04,5.94545936896730289E-05,1.03404066050897175E-04,3.25882177874965429E-01,3.36969839614550471E-04,2.93020367253326122E-04,1.71617354736877184E-02
1.80500000000000000E+02,2.28580574275870640E-02,4.38659044145411126E-01,9.35723515603063350E-04,6.30600327682146920E-05,1.08817629674265784E-04,3.80687843298627593E-01,3.33364400536008767E-04,2.87606803629957485E-04,1.70230504380939236E-02
1.81000000000000000E+02,2.40633846706475966E-02,3.90205686384820338E-01,1.18849465385626406E-03,6.94943646862387768E-05,1.18270022452450927E-04,4.39093346602610124E-01,3.26930068617984737E-04,2.78154410851772329E-04,1.67606106628720650E-02
1.81500000000000000E+02,2.47369018553297744E-02,3.28871078987575560E-01,1.57055510409201599E-03,7.98035677902177642E-05,1.32885195929996307E-04,4.99686083899352818E-01,3.16620865514005722E-04,2.63539237374227017E-04,1.63363338310694439E-02
1.82000000000000000E+02,2.48526472423163079E-02,2.56222121770088518E-01,2.21338365742276225E-03,9.68019979697530840E-05,1.55661556646158718E-04,5.60968288009709215E-01,2.99622435334470497E-04,2.40762876658064633E-04,1.56444300402134757E-02
1.82500000000000000E+02,2.42738401033654946E-02,1.70507870799029071E-01,3.58929173385163320E-03,1.29197557256212586E-04,1.95053232383200808E-04,6.20894143991895908E-01,2.67226876048011280E-04,2.01371200921022516E-04,1.43711888528754161E-02
1.83000000000000000E+02,2.24806804053448717E-02,6.13582384476775364E-02,1.00768226626620043E-02,2.23616576696737776E-04,2.87163173635535042E-04,6.72653269068038684E-01,1.72807856607486225E-04,1.09261259668688336E-04,1.10172812260686936E-02
1.83500000000000000E+02,1.82235684452328635E-02,6.86116255139794236E-04,1.64259938600041011E-01,3.92767369741985647E-04,3.94701967966306624E-04,5.63450434401066902E-01,3.65706356223847435E-06,1.72246533791670899E-06,2.65833482353995502E-03
1.84000000000000000E+02,1.42133995836330844E-02,2.38038449558876792E-04,3.56571524692148589E-01,3.95270616647856450E-04,3.95851998789411707E-04,3.84560234812610480E-01,1.15381665636767851E-06,5.72434514811623014E-07,2.04526359976293969E-03
1.84500000000000000E+02,1.10819624621416660E-02,1.83125317569529585E-04,4.58099912000221265E-01,3.95546433528820302E-04,3.95986372214920479E-04,2.73148084132142643E-01,8.77999775403615360E-07,4.38061089303065979E-07,2.02331685854784723E-03
1.85000000000000000E+02,8.64153298122105618E-03,1.66654653281080647E-04,5.02039768650803797E-01,3.95628676277259643E-04,3.96026576106512545E-04,2.05361555329130613E-01,7.95757026964037775E-07,3.97857197711110034E-07,2.01843124198220663E-03
1.85500000000000000E+02,6.74045387576518214E-03,1.63465209337717714E-04,5.11449134656744686E-01,3.95645574491919881E-04,3.96034603576257628E-04,1.64188606229540068E-01,7.78858812303639136E-07,3.89829727966072741E-07,2.01721303866109420E-03
1.86000000000000000E+02,5.25991770284921830E-03,1.67015255859440608E-04,5.00625949774225254E-01,3.95629693116565325E-04,3.96026393795251568E-04,1.39206044893347286E-01,7.94740187657852345E-07,3.98039508972086137E-07,2.01767754603230905E-03
1.86500000000000000E+02,4.10718231216790092E-03,1.74879330336878393E-04,4.78393159708398796E-01,3.95593000314121740E-04,3.96007833209540403E-04,1.24068237723553521E-01,8.31432990101469274E-07,4.16600094683196746E-07,2.01916014383806677E-03
1.87000000000000000E+02,3.20993460489834778E-03,1.86012181449076651E-04,4.50181122559632774E-01,3.95540641682899955E-04,3.95981454900944118E-04,1.14917662691903982E-01,8.83791621323308458E-07,4.42978403279518375E-07,2.02138375223290256E-03
1.87500000000000000E+02,2.51181911677577198E-03,1.99946887213457215E-04,4.19316633768302582E-01,3.95474924539810746E-04,3.95948392856421464E-04,1.09410820261393246E-01,9.49508764412478787E-07,4.76040447802159789E-07,2.02422443456360063E-03
1.88000000000000000E+02,1.96892970033421067E-03,2.16503894284161965E-04,3.87819266432051890E-01,3.95396755761531489E-04,3.95909088120314438E-04,1.06124590799664242E-01,1.02767754269176183E-06,5.15345183909270985E-07,2.02763099951859148E-03
1.88500000000000000E+02,1.54706741880858748E-03,2.35668046315058716E-04,3.56894097082119000E-01,3.95306246952159134E-04,3.95863586530244174E-04,1.04195176992546143E-01,1.11818635206413732E-06,5.60846773979632292E-07,2.03159224325769310E-03
1.89000000000000000E+02,1.21960023892339143E-03,2.57530373514186983E-04,3.27237618157971366E-01,3.95202999608749224E-04,3.95811680255664334E-04,1.03098624620025059E-01,1.22143369547401680E-06,6.12753048559347547E-07,2.03612210484667303E-03
1.89500000000000000E+02,9.65794078692623018E-04,2.82263425409807415E-04,2.99228390583580695E-01,3.95086228818659988E-04,3.95752966146318684E-04,1.02517495252607671E-01,1.33820448556313442E-06,6.71467157905096447E-07,2.04125239706910667E-03
1.90000000000000000E+02,7.69511600145851918E-04,3.10102988694880774E-04,2.73046432730122357E-01,3.94954853798918921E-04,3.95686893718457495E-04,1.02259897829051927E-01,1.46957950530410554E-06,7.37539585766249882E-07,2.04702942653406557E-03
1.90500000000000000E+02,6.18199256664617668E-04,3.41347918680203778E-04,2.48748335414123750E-01,3.94807499906779603E-04,3.95612762368937503E-04,1.02210345948087408E-01,1.61693339744336484E-06,8.11670935286339612E-07,2.05351239643504274E-03
1.91000000000000000E+02,5.02097420859276100E-04,3.76357701395183702E-04,2.26314828157370834E-01,3.94642513322614294E-04,3.95529729891096605E-04,1.02299914281904950E-01,1.78191998160863615E-06,8.94703413127213315E-07,2.06077326176129332E-03
1.91500000000000000E+02,4.13625656413524703E-04,4.15561569691273378E-04,2.05681023200632973E-01,3.94457923559230362E-04,3.95436789380798452E-04,1.02488140444363052E-01,1.96650974499269712E-06,9.87643923425298695E-07,2.06889731252125160E-03
1.92000000000000000E+02,3.46904207762759129E-04,4.59451861640799931E-04,1.86755711910402161E-01,3.94251466812056489E-04,3.95332792268493515E-04,1.02752078305709607E-01,2.17296649216654382E-06,1.09164103573026474E-06,2.07798443304172938E-03
1.92500000000000000E+02,2.97382011623824360E-04,5.08618133122311529E-04,1.69433735594561208E-01,3.94020457448643227E-04,3.95216360318262794E-04,1.03079660020181027E-01,2.40397585557980079E-06,1.20807298596105699E-06,2.08815115896681530E-03
1.93000000000000000E+02,2.61547851761574298E-04,5.63743906116964352E-04,1.53603866928453181E-01,3.93761780643547593E-04,3.95085899607961789E-04,1.03465735397572686E-01,2.66265266067539035E-06,1.33853369626212432E-06,2.09953335929304085E-03
1.93500000000000000E+02,2.36704411677637146E-04,6.25634713384182911E-04,1.39153811287837853E-01,3.93471769948223614E-04,3.94939532291566423E-04,1.03909702534059761E-01,2.95266335599937803E-06,1.48490101265753858E-06,2.11229079969485088E-03
1.94000000000000000E+02,2.20797449212525583E-04,6.95244895527629401E-04,1.25973318101178539E-01,3.93146139703390383E-04,3.94775052990199726E-04,1.04414162807791824E-01,3.27829360083260384E-06,1.64938031402434456E-06,2.12661080756244500E-03
1.94500000000000000E+02,2.12280654990581758E-04,7.73718149380968920E-04,1.13956024210577905E-01,3.92779714645156151E-04,3.94589798217019432E-04,1.04984192775837065E-01,3.64471865906683095E-06,1.83463508720463203E-06,2.14271753312099281E-03
1.95000000000000000E+02,2.10014379004069677E-04,8.62440592959379314E-04,1.03000458234745518E-01,3.92366298900322303E-04,3.94380568810173823E-04,1.05627035625368820E-01,4.05813440390069981E-06,2.04386449405031056E-06,2.16087952046656708E-03
1.95500000000000000E+02,2.13189714294006804E-04,9.63111457580716375E-04,9.30104358774025974E-02,3.91898352225977125E-04,3.94143457176931089E-04,1.06352109518219939E-01,4.52608107824584870E-06,2.28097612729301640E-06,2.18142337799487069E-03
1.96000000000000000E+02,2.21274141576856557E-04,1.07786001599933438E-03,8.38950285563468540E-02,3.91366402059854790E-04,3.93873554846957267E-04,1.07171262653439500E-01,5.05803124436816197E-06,2.55087845726672739E-06,2.20475612229570437E-03
1.96500000000000000E+02,2.33975854302576118E-04,1.20940895181874094E-03,7.55681459093255903E-02,3.90758492538100693E-04,3.93564629909309122E-04,1.08099330211457359E-01,5.66594076612223967E-06,2.85980339491488489E-06,2.23139106024716587E-03
1.97000000000000000E+02,2.51226141764713260E-04,1.36133244885539039E-03,6.79477652223855477E-02,3.90058987289311487E-04,3.93208516961508845E-04,1.09155018337604631E-01,6.36544601491139678E-06,3.21591634271517764E-06,2.26199487675126081E-03
1.97500000000000000E+02,2.73183009221875247E-04,1.53847822838280531E-03,6.09547043984785195E-02,3.89246846188170254E-04,3.92794187739137625E-04,1.10362356265697806E-01,7.17758711605268541E-06,3.63024556508642912E-06,2.29745949776523350E-03
1.98000000000000000E+02,3.00261664942395434E-04,1.74770114092864326E-03,5.45106991646562011E-02,3.88292487388589057E-04,3.92306085551978026E-04,1.11753013974466131E-01,8.13194591563391419E-06,4.11834775224614822E-06,2.33902767394939069E-03
1.98500000000000000E+02,3.33208234265454459E-04,1.99920334350081478E-03,4.85352870986815940E-02,3.87152322725660902E-04,3.91721188610929486E-04,1.13370198356047142E-01,9.27211057856207303E-06,4.70324469329478393E-06,2.38851384226239057E-03
1.99000000000000000E+02,3.73251486656626030E-04,2.30919799145406579E-03,4.29404479166718769E-02,3.85757694345190692E-04,3.91003067766560331E-04,1.15275446581124680E-01,1.06667389590323239E-05,5.42136553766394266E-06,2.44873767502956771E-03
1.99500000000000000E+02,4.22422210865316407E-04,2.70577108626095849E-03,3.76204103302907253E-02,3.83991059783853842E-04,3.90089006549360052E-04,1.17561612646809824E-01,1.24333735203692563E-05,6.33542675486424699E-06,2.52444809070844108E-03
2.00000000000000000E+02,4.84269388231149873E-04,3.24357745351769138E-03,3.24306419145842448E-02,3.81627191153346350E-04,3.88857937819570801E-04,1.20379331893108441E-01,1.47972421508767420E-05,7.56649548465345418E-06,2.62454595683201493E-03
