time,Cdh1,Trim,Clb,Sic,PTrim,PClb,SBF,IE,Cdc20a,Cdc20,Swe1,Swe1M,PSwe1,PSwe1M,Mih1a,Mcm,BE,Cln,mass
0.0,0.99263656,0.084410675,0.18453673,0.0035491784,1.402314e-05,3.0203049e-05,0.12405464,0.52220768,1.4384692,1.1722378,0.00031588585,0.018360127,0.00020500785,0.013336782,0.80809075,0.93289256,0.00024296179,0.053600963,0.80224854
1.0,1.99263656,0.084410675,0.18453673,0.0035491784,1.402314e-05,3.0203049e-05,0.12405464,0.52220768,1.4384692,1.1722378,0.00031588585,0.018360127,0.00020500785,0.013336782,-0.19190925000000003,0.93289256,0.00024296179,0.053600963,0.80224854
2.0,2.9926365600000002,0.084410675,0.18453673,0.0035491784,1.402314e-05,3.0203049e-05,0.12405464,0.52220768,1.4384692,1.1722378,0.00031588585,0.018360127,0.00020500785,0.013336782,-0.19190925000000003,0.93289256,0.00024296179,0.053600963,0.80224854
3.0,3.9926365600000002,0.084410675,0.18453673,0.0035491784,1.402314e-05,3.0203049e-05,0.12405464,0.52220768,1.4384692,1.1722378,0.00031588585,0.018360127,0.00020500785,0.013336782,-0.19190925000000003,0.93289256,0.00024296179,0.053600963,0.80224854
4.0,4.99263656,0.084410675,0.18453673,0.0035491784,1.402314e-05,3.0203049e-05,0.12405464,0.52220768,1.4384692,1.1722378,0.00031588585,0.018360127,0.00020500785,0.013336782,-0.19190925000000003,0.93289256,0.00024296179,0.053600963,0.80224854
5.0,5.99263656,0.084410675,0.18453673,0.0035491784,1.402314e-05,3.0203049e-05,0.12405464,0.52220768,1.4384692,1.1722378,0.00031588585,0.018360127,0.00020500785,0.013336782,-0.19190925000000003,0.93289256,0.00024296179,0.053600963,0.80224854
6.0,6.99263656,0.084410675,0.18453673,0.0035491784,1.402314e-05,3.0203049e-05,0.12405464,0.52220768,1.4384692,1.1722378,0.00031588585,0.018360127,0.00020500785,0.013336782,-0.19190925000000003,0.93289256,0.00024296179,0.053600963,0.80224854
7.0,7.99263656,0.084410675,0.18453673,0.0035491784,1.402314e-05,3.0203049e-05,0.12405464,0.52220768,1.4384692,1.1722378,0.00031588585,0.018360127,0.00020500785,0.013336782,-0.19190925000000003,0.93289256,0.00024296179,0.053600963,0.80224854
8.0,7.99263656,0.084410675,0.18453673,0.0035491784,1.402314e-05,3.0203049e-05,0.12405464,0.52220768,2.4384692,0.1722378,0.00031588585,0.018360127,0.00020500785,0.013336782,-0.19190925000000003,0.93289256,0.00024296179,0.053600963,0.80224854
9.0,6.99263656,0.084410675,0.18453673,0.0035491784,1.402314e-05,3.0203049e-05,0.12405464,0.52220768,2.4384692,0.1722378,0.00031588585,0.018360127,0.00020500785,0.013336782,-0.19190925000000003,0.93289256,0.00024296179,0.053600963,0.80224854
10.0,7.99263656,0.084410675,0.18453673,0.0035491784,1.402314e-05,3.0203049e-05,0.12405464,0.52220768,2.4384692,0.1722378,0.00031588585,0.018360127,0.00020500785,0.013336782,-0.19190925000000003,0.93289256,0.00024296179,0.053600963,0.80224854
11.0,6.99263656,0.084410675,0.18453673,0.0035491784,1.402314e-05,3.0203049e-05,0.12405464,0.52220768,2.4384692,0.1722378,0.00031588585,0.018360127,0.00020500785,0.013336782,-0.19190925000000003,0.93289256,0.00024296179,0.053600963,0.80224854
12.0,7.99263656,0.084410675,0.18453673,0.0035491784,1.402314e-05,3.0203049e-05,0.12405464,0.52220768,2.4384692,0.1722378,0.00031588585,0.018360127,0.00020500785,0.013336782,-0.19190925000000003,0.93289256,0.00024296179,0.053600963,0.80224854
13.0,8.992636560000001,0.084410675,0.18453673,0.0035491784,1.402314e-05,3.0203049e-05,0.12405464,0.52220768,2.4384692,0.1722378,0.00031588585,0.018360127,0.00020500785,0.013336782,-0.19190925000000003,0.93289256,0.00024296179,0.053600963,0.80224854
14.0,9.992636560000001,0.084410675,0.18453673,0.0035491784,1.402314e-05,3.0203049e-05,0.12405464,0.52220768,2.4384692,0.1722378,0.00031588585,0.018360127,0.00020500785,0.013336782,-0.19190925000000003,0.93289256,0.00024296179,0.053600963,0.80224854
15.0,10.992636560000001,0.084410675,0.18453673,0.0035491784,1.402314e-05,3.0203049e-05,0.12405464,0.52220768,2.4384692,0.1722378,0.00031588585,0.018360127,0.00020500785,0.013336782,-0.19190925000000003,0.93289256,0.00024296179,0.053600963,0.80224854
16.0,9.992636560000001,0.084410675,-0.81546327,0.0035491784,1.402314e-05,3.0203049e-05,0.12405464,0.52220768,2.4384692,0.1722378,0.00031588585,0.018360127,0.00020500785,0.013336782,0.80809075,0.93289256,0.00024296179,0.053600963,0.80224854
17.0,10.992636560000001,0.084410675,-0.81546327,0.0035491784,1.402314e-05,3.0203049e-05,0.12405464,0.52220768,2.4384692,0.1722378,0.00031588585,0.018360127,0.00020500785,0.013336782,0.80809075,0.93289256,0.00024296179,0.053600963,0.80224854
18.0,11.992636560000001,0.084410675,-0.81546327,0.0035491784,1.402314e-05,3.0203049e-05,0.12405464,0.52220768,2.4384692,0.1722378,0.00031588585,0.018360127,0.00020500785,0.013336782,0.80809075,0.93289256,0.00024296179,0.053600963,0.80224854
19.0,11.992636560000001,-0.915589325,0.18453673000000004,1.0035491784,1.402314e-05,3.0203049e-05,0.12405464,0.52220768,2.4384692,0.1722378,0.00031588585,0.018360127,0.00020500785,0.013336782,0.80809075,0.93289256,0.00024296179,0.053600963,0.80224854
20.0,11.992636560000001,0.08441067499999999,-0.81546327,0.0035491783999999083,1.402314e-05,3.0203049e-05,0.12405464,0.52220768,2.4384692,0.1722378,0.00031588585,0.018360127,0.00020500785,0.013336782,0.80809075,0.93289256,0.00024296179,0.053600963,0.80224854
21.0,14.992636560000001,0.08441067499999999,0.18453673000000004,0.0035491783999999083,1.402314e-05,3.0203049e-05,0.12405464,0.52220768,2.4384692,0.1722378,0.00031588585,0.018360127,0.00020500785,0.013336782,-0.19190925000000003,0.93289256,0.00024296179,0.053600963,0.80224854
22.0,15.992636560000001,0.08441067499999999,0.18453673000000004,0.0035491783999999083,1.402314e-05,3.0203049e-05,0.12405464,0.52220768,2.4384692,0.1722378,0.00031588585,0.018360127,0.00020500785,0.013336782,-0.19190925000000003,0.93289256,0.00024296179,0.053600963,0.80224854
23.0,14.992636560000001,0.08441067499999999,0.18453673000000004,0.0035491783999999083,1.402314e-05,3.0203049e-05,0.12405464,0.52220768,2.4384692,0.1722378,0.00031588585,0.018360127,0.00020500785,0.013336782,-0.19190925000000003,0.93289256,0.00024296179,0.053600963,0.80224854
24.0,15.992636560000001,0.08441067499999999,0.18453673000000004,0.0035491783999999083,1.402314e-05,3.0203049e-05,0.12405464,0.52220768,2.4384692,0.1722378,0.00031588585,0.018360127,0.00020500785,0.013336782,-0.19190925000000003,0.93289256,0.00024296179,0.053600963,0.80224854
25.0,16.99263656,0.08441067499999999,0.18453673000000004,0.0035491783999999083,1.402314e-05,3.0203049e-05,0.12405464,0.52220768,2.4384692,0.1722378,0.00031588585,0.018360127,0.00020500785,0.013336782,-0.19190925000000003,0.93289256,0.00024296179,0.053600963,0.80224854
26.0,17.99263656,0.08441067499999999,0.18453673000000004,0.0035491783999999083,1.402314e-05,3.0203049e-05,0.12405464,0.52220768,2.4384692,0.1722378,0.00031588585,0.018360127,0.00020500785,0.013336782,-0.19190925000000003,0.93289256,0.00024296179,0.053600963,0.80224854
27.0,17.99263656,0.08441067499999999,0.18453673000000004,0.0035491783999999083,1.402314e-05,3.0203049e-05,-0.87594536,0.52220768,2.4384692,0.1722378,0.00031588585,0.018360127,0.00020500785,0.013336782,-0.19190925000000003,0.93289256,0.00024296179,0.053600963,0.80224854
28.0,18.99263656,0.08441067499999999,0.18453673000000004,0.0035491783999999083,1.402314e-05,3.0203049e-05,-0.87594536,0.52220768,2.4384692,0.1722378,0.00031588585,0.018360127,0.00020500785,0.013336782,-0.19190925000000003,0.93289256,0.00024296179,0.053600963,0.80224854
29.0,19.99263656,0.08441067499999999,0.18453673000000004,0.0035491783999999083,1.402314e-05,3.0203049e-05,-0.87594536,0.52220768,2.4384692,0.1722378,0.00031588585,0.018360127,0.00020500785,0.013336782,-0.19190925000000003,0.93289256,0.00024296179,0.053600963,0.80224854
30.0,19.99263656,0.08441067499999999,-0.81546327,0.0035491783999999083,1.402314e-05,3.0203049e-05,-0.87594536,0.52220768,2.4384692,0.1722378,0.00031588585,0.018360127,0.00020500785,0.013336782,-0.19190925000000003,0.93289256,0.00024296179,0.053600963,0.80224854
31.0,19.99263656,0.08441067499999999,0.18453673000000004,0.0035491783999999083,1.402314e-05,3.0203049e-05,-0.87594536,0.52220768,2.4384692,0.1722378,0.00031588585,0.018360127,0.00020500785,0.013336782,-0.19190925000000003,0.93289256,0.00024296179,0.053600963,0.80224854
32.0,20.99263656,0.08441067499999999,0.18453673000000004,0.0035491783999999083,1.402314e-05,3.0203049e-05,-0.87594536,0.52220768,2.4384692,0.1722378,0.00031588585,0.018360127,0.00020500785,0.013336782,-0.19190925000000003,0.93289256,0.00024296179,0.053600963,0.80224854
33.0,21.99263656,0.08441067499999999,0.18453673000000004,0.0035491783999999083,1.402314e-05,3.0203049e-05,-0.87594536,0.52220768,2.4384692,0.1722378,0.00031588585,0.018360127,0.00020500785,0.013336782,-0.19190925000000003,0.93289256,0.00024296179,0.053600963,0.80224854
34.0,21.99263656,0.08441067499999999,0.18453673000000004,0.0035491783999999083,1.402314e-05,3.0203049e-05,-1.87594536,0.52220768,2.4384692,0.1722378,0.00031588585,0.018360127,0.00020500785,0.013336782,-0.19190925000000003,0.93289256,0.00024296179,0.053600963,0.80224854
35.0,22.99263656,0.08441067499999999,0.18453673000000004,0.0035491783999999083,1.402314e-05,3.0203049e-05,-1.87594536,0.52220768,2.4384692,0.1722378,0.00031588585,0.018360127,0.00020500785,0.013336782,-0.19190925000000003,0.93289256,0.00024296179,0.053600963,0.80224854
36.0,23.99263656,0.08441067499999999,0.18453673000000004,0.0035491783999999083,1.402314e-05,3.0203049e-05,-1.87594536,0.52220768,2.4384692,0.1722378,0.00031588585,0.018360127,0.00020500785,0.013336782,-0.19190925000000003,0.93289256,0.00024296179,0.053600963,0.80224854
37.0,24.99263656,0.08441067499999999,0.18453673000000004,0.0035491783999999083,1.402314e-05,3.0203049e-05,-1.87594536,0.52220768,2.4384692,0.1722378,0.00031588585,0.018360127,0.00020500785,0.013336782,-0.19190925000000003,0.93289256,0.00024296179,0.053600963,0.80224854
38.0,24.99263656,-0.915589325,0.18453673000000004,1.0035491784,1.402314e-05,3.0203049e-05,-1.87594536,0.52220768,2.4384692,0.1722378,0.00031588585,0.018360127,0.00020500785,0.013336782,-0.19190925000000003,0.93289256,0.00024296179,0.053600963,0.80224854
39.0,24.99263656,0.08441067499999999,-0.81546327,0.0035491783999999083,1.402314e-05,3.0203049e-05,-1.87594536,0.52220768,2.4384692,0.1722378,0.00031588585,0.018360127,0.00020500785,0.013336782,-0.19190925000000003,0.93289256,0.00024296179,0.053600963,0.80224854
40.0,24.99263656,0.08441067499999999,0.18453673000000004,0.0035491783999999083,1.402314e-05,3.0203049e-05,-1.87594536,0.52220768,2.4384692,0.1722378,0.00031588585,0.018360127,0.00020500785,0.013336782,-0.19190925000000003,0.93289256,0.00024296179,0.053600963,0.80224854
41.0,25.99263656,0.08441067499999999,0.18453673000000004,0.0035491783999999083,1.402314e-05,3.0203049e-05,-1.87594536,0.52220768,2.4384692,0.1722378,0.00031588585,0.018360127,0.00020500785,0.013336782,-0.19190925000000003,0.93289256,0.00024296179,0.053600963,0.80224854
42.0,26.99263656,0.08441067499999999,0.18453673000000004,0.0035491783999999083,1.402314e-05,3.0203049e-05,-1.87594536,0.52220768,2.4384692,0.1722378,0.00031588585,0.018360127,0.00020500785,0.013336782,-0.19190925000000003,0.93289256,0.00024296179,0.053600963,0.80224854
43.0,27.99263656,0.08441067499999999,0.18453673000000004,0.0035491783999999083,1.402314e-05,3.0203049e-05,-1.87594536,0.52220768,2.4384692,0.1722378,0.00031588585,0.018360127,0.00020500785,0.013336782,-0.19190925000000003,0.93289256,0.00024296179,0.053600963,0.80224854
44.0,27.99263656,-0.915589325,0.18453673000000004,1.0035491784,1.402314e-05,3.0203049e-05,-1.87594536,0.52220768,2.4384692,0.1722378,0.00031588585,0.018360127,0.00020500785,0.013336782,-0.19190925000000003,0.93289256,0.00024296179,0.053600963,0.80224854
45.0,28.99263656,-0.915589325,0.18453673000000004,1.0035491784,1.402314e-05,3.0203049e-05,-1.87594536,0.52220768,2.4384692,0.1722378,0.00031588585,0.018360127,0.00020500785,0.013336782,-0.19190925000000003,0.93289256,0.00024296179,0.053600963,0.80224854
46.0,28.99263656,0.08441067499999999,-0.81546327,0.0035491783999999083,1.402314e-05,3.0203049e-05,-1.87594536,0.52220768,2.4384692,0.1722378,0.00031588585,0.018360127,0.00020500785,0.013336782,-0.19190925000000003,0.93289256,0.00024296179,0.053600963,0.80224854
47.0,29.99263656,0.08441067499999999,-0.81546327,0.0035491783999999083,1.402314e-05,3.0203049e-05,-1.87594536,0.52220768,2.4384692,0.1722378,0.00031588585,0.018360127,0.00020500785,0.013336782,-0.19190925000000003,0.93289256,0.00024296179,0.053600963,0.80224854
48.0,29.99263656,0.08441067499999999,0.18453673000000004,0.0035491783999999083,1.402314e-05,3.0203049e-05,-1.87594536,0.52220768,2.4384692,0.1722378,0.00031588585,0.018360127,0.00020500785,0.013336782,-0.19190925000000003,0.93289256,0.00024296179,0.053600963,0.80224854
49.0,30.99263656,0.08441067499999999,0.18453673000000004,0.0035491783999999083,1.402314e-05,3.0203049e-05,-1.87594536,0.52220768,2.4384692,0.1722378,0.00031588585,0.018360127,0.00020500785,0.013336782,-0.19190925000000003,0.93289256,0.00024296179,0.053600963,0.80224854
50.0,31.99263656,0.08441067499999999,0.18453673000000004,0.0035491783999999083,1.402314e-05,3.0203049e-05,-1.87594536,0.52220768,2.4384692,0.1722378,0.00031588585,0.018360127,0.00020500785,0.013336782,-0.19190925000000003,0.93289256,0.00024296179,0.053600963,0.80224854
51.0,32.99263656,0.08441067499999999,0.18453673000000004,0.0035491783999999083,1.402314e-05,3.0203049e-05,-1.87594536,0.52220768,2.4384692,0.1722378,0.00031588585,0.018360127,0.00020500785,0.013336782,-0.19190925000000003,0.93289256,0.00024296179,0.053600963,0.80224854
52.0,33.99263656,0.08441067499999999,0.18453673000000004,0.0035491783999999083,1.402314e-05,3.0203049e-05,-1.87594536,0.52220768,2.4384692,0.1722378,0.00031588585,0.018360127,0.00020500785,0.013336782,-0.19190925000000003,0.93289256,0.00024296179,0.053600963,0.80224854
53.0,34.99263656,0.08441067499999999,0.18453673000000004,0.0035491783999999083,1.402314e-05,3.0203049e-05,-1.87594536,0.52220768,2.4384692,0.1722378,0.00031588585,0.018360127,0.00020500785,0.013336782,-0.19190925000000003,0.93289256,0.00024296179,0.053600963,0.80224854
54.0,34.99263656,0.08441067499999999,0.18453673000000004,0.0035491783999999083,1.402314e-05,3.0203049e-05,-1.87594536,0.52220768,2.4384692,0.1722378,0.00031588585,0.018360127,0.00020500785,0.013336782,-1.1919092500000001,0.93289256,0.00024296179,0.053600963,0.80224854
55.0,35.99263656,0.08441067499999999,0.18453673000000004,0.0035491783999999083,1.402314e-05,3.0203049e-05,-1.87594536,0.52220768,2.4384692,0.1722378,0.00031588585,0.018360127,0.00020500785,0.013336782,-1.1919092500000001,0.93289256,0.00024296179,0.053600963,0.80224854
56.0,35.99263656,-0.915589325,0.18453673000000004,1.0035491784,1.402314e-05,3.0203049e-05,-1.87594536,0.52220768,2.4384692,0.1722378,0.00031588585,0.018360127,0.00020500785,0.013336782,-1.1919092500000001,0.93289256,0.00024296179,0.053600963,0.80224854
57.0,35.99263656,0.08441067499999999,-0.81546327,0.0035491783999999083,1.402314e-05,3.0203049e-05,-1.87594536,0.52220768,2.4384692,0.1722378,0.00031588585,0.018360127,0.00020500785,0.013336782,-1.1919092500000001,0.93289256,0.00024296179,0.053600963,0.80224854
58.0,36.99263656,0.08441067499999999,-0.81546327,0.0035491783999999083,1.402314e-05,3.0203049e-05,-1.87594536,0.52220768,2.4384692,0.1722378,0.00031588585,0.018360127,0.00020500785,0.013336782,-1.1919092500000001,0.93289256,0.00024296179,0.053600963,0.80224854
59.0,37.99263656,0.08441067499999999,-0.81546327,0.0035491783999999083,1.402314e-05,3.0203049e-05,-1.87594536,0.52220768,2.4384692,0.1722378,0.00031588585,0.018360127,0.00020500785,0.013336782,-1.1919092500000001,0.93289256,0.00024296179,0.053600963,0.80224854
60.0,37.99263656,0.08441067499999999,0.18453673000000004,0.0035491783999999083,1.402314e-05,3.0203049e-05,-1.87594536,0.52220768,2.4384692,0.1722378,0.00031588585,0.018360127,0.00020500785,0.013336782,-1.1919092500000001,0.93289256,0.00024296179,0.053600963,0.80224854
61.0,37.99263656,0.08441067499999999,-0.81546327,0.0035491783999999083,1.402314e-05,3.0203049e-05,-1.87594536,0.52220768,2.4384692,0.1722378,0.00031588585,0.018360127,0.00020500785,0.013336782,-1.1919092500000001,0.93289256,0.00024296179,0.053600963,0.80224854
62.0,37.99263656,0.08441067499999999,0.18453673000000004,0.0035491783999999083,1.402314e-05,3.0203049e-05,-1.87594536,0.52220768,2.4384692,0.1722378,0.00031588585,0.018360127,0.00020500785,0.013336782,-1.1919092500000001,0.93289256,0.00024296179,0.053600963,0.80224854
63.0,36.99263656,0.08441067499999999,0.18453673000000004,0.0035491783999999083,1.402314e-05,3.0203049e-05,-1.87594536,0.52220768,2.4384692,0.1722378,0.00031588585,0.018360127,0.00020500785,0.013336782,-1.1919092500000001,0.93289256,0.00024296179,0.053600963,0.80224854
64.0,36.99263656,0.08441067499999999,0.18453673000000004,0.0035491783999999083,1.402314e-05,3.0203049e-05,-2.8759453600000002,0.52220768,2.4384692,0.1722378,0.00031588585,0.018360127,0.00020500785,0.013336782,-1.1919092500000001,0.93289256,0.00024296179,0.053600963,0.80224854
65.0,35.99263656,0.08441067499999999,0.18453673000000004,0.0035491783999999083,1.402314e-05,3.0203049e-05,-2.8759453600000002,0.52220768,2.4384692,0.1722378,0.00031588585,0.018360127,0.00020500785,0.013336782,-1.1919092500000001,0.93289256,0.00024296179,0.053600963,0.80224854
66.0,34.99263656,0.08441067499999999,0.18453673000000004,0.0035491783999999083,1.402314e-05,3.0203049e-05,-2.8759453600000002,0.52220768,2.4384692,0.1722378,0.00031588585,0.018360127,0.00020500785,0.013336782,-1.1919092500000001,0.93289256,0.00024296179,0.053600963,0.80224854
67.0,35.99263656,0.08441067499999999,0.18453673000000004,0.0035491783999999083,1.402314e-05,3.0203049e-05,-2.8759453600000002,0.52220768,2.4384692,0.1722378,0.00031588585,0.018360127,0.00020500785,0.013336782,-1.1919092500000001,0.93289256,0.00024296179,0.053600963,0.80224854
68.0,36.99263656,0.08441067499999999,0.18453673000000004,0.0035491783999999083,1.402314e-05,3.0203049e-05,-2.8759453600000002,0.52220768,2.4384692,0.1722378,0.00031588585,0.018360127,0.00020500785,0.013336782,-1.1919092500000001,0.93289256,0.00024296179,0.053600963,0.80224854
69.0,37.99263656,0.08441067499999999,0.18453673000000004,0.0035491783999999083,1.402314e-05,3.0203049e-05,-2.8759453600000002,0.52220768,2.4384692,0.1722378,0.00031588585,0.018360127,0.00020500785,0.013336782,-1.1919092500000001,0.93289256,0.00024296179,0.053600963,0.80224854
70.0,37.99263656,0.08441067499999999,0.18453673000000004,0.0035491783999999083,1.402314e-05,3.0203049e-05,-1.8759453600000002,0.52220768,2.4384692,0.1722378,0.00031588585,0.018360127,0.00020500785,0.013336782,-1.1919092500000001,0.93289256,0.00024296179,0.053600963,0.80224854
71.0,38.99263656,0.08441067499999999,0.18453673000000004,0.0035491783999999083,1.402314e-05,3.0203049e-05,-1.8759453600000002,0.52220768,2.4384692,0.1722378,0.00031588585,0.018360127,0.00020500785,0.013336782,-1.1919092500000001,0.93289256,0.00024296179,0.053600963,0.80224854
72.0,38.99263656,-0.915589325,0.18453673000000004,1.0035491784,1.402314e-05,3.0203049e-05,-1.8759453600000002,0.52220768,2.4384692,0.1722378,0.00031588585,0.018360127,0.00020500785,0.013336782,-1.1919092500000001,0.93289256,0.00024296179,0.053600963,0.80224854
73.0,38.99263656,0.08441067499999999,-0.81546327,0.0035491783999999083,1.402314e-05,3.0203049e-05,-1.8759453600000002,0.52220768,2.4384692,0.1722378,0.00031588585,0.018360127,0.00020500785,0.013336782,-1.1919092500000001,0.93289256,0.00024296179,0.053600963,0.80224854
74.0,39.99263656,0.08441067499999999,-0.81546327,0.0035491783999999083,1.402314e-05,3.0203049e-05,-1.8759453600000002,0.52220768,2.4384692,0.1722378,0.00031588585,0.018360127,0.00020500785,0.013336782,-1.1919092500000001,0.93289256,0.00024296179,0.053600963,0.80224854
75.0,40.99263656,0.08441067499999999,-0.81546327,0.0035491783999999083,1.402314e-05,3.0203049e-05,-1.8759453600000002,0.52220768,2.4384692,0.1722378,0.00031588585,0.018360127,0.00020500785,0.013336782,-1.1919092500000001,0.93289256,0.00024296179,0.053600963,0.80224854
76.0,40.99263656,0.08441067499999999,0.18453673000000004,0.0035491783999999083,1.402314e-05,3.0203049e-05,-1.8759453600000002,0.52220768,2.4384692,0.1722378,0.00031588585,0.018360127,0.00020500785,0.013336782,-1.1919092500000001,0.93289256,0.00024296179,0.053600963,0.80224854
77.0,41.99263656,0.08441067499999999,0.18453673000000004,0.0035491783999999083,1.402314e-05,3.0203049e-05,-1.8759453600000002,0.52220768,2.4384692,0.1722378,0.00031588585,0.018360127,0.00020500785,0.013336782,-1.1919092500000001,0.93289256,0.00024296179,0.053600963,0.80224854
78.0,42.99263656,0.08441067499999999,0.18453673000000004,0.0035491783999999083,1.402314e-05,3.0203049e-05,-1.8759453600000002,0.52220768,2.4384692,0.1722378,0.00031588585,0.018360127,0.00020500785,0.013336782,-1.1919092500000001,0.93289256,0.00024296179,0.053600963,0.80224854
79.0,43.99263656,0.08441067499999999,0.18453673000000004,0.0035491783999999083,1.402314e-05,3.0203049e-05,-1.8759453600000002,0.52220768,2.4384692,0.1722378,0.00031588585,0.018360127,0.00020500785,0.013336782,-1.1919092500000001,0.93289256,0.00024296179,0.053600963,0.80224854
80.0,42.99263656,0.08441067499999999,0.18453673000000004,0.0035491783999999083,1.402314e-05,3.0203049e-05,-1.8759453600000002,0.52220768,2.4384692,0.1722378,0.00031588585,0.018360127,0.00020500785,0.013336782,-1.1919092500000001,0.93289256,0.00024296179,0.053600963,0.80224854
81.0,43.99263656,0.08441067499999999,0.18453673000000004,0.0035491783999999083,1.402314e-05,3.0203049e-05,-1.8759453600000002,0.52220768,2.4384692,0.1722378,0.00031588585,0.018360127,0.00020500785,0.013336782,-1.1919092500000001,0.93289256,0.00024296179,0.053600963,0.80224854
82.0,43.99263656,0.08441067499999999,0.18453673000000004,0.0035491783999999083,1.402314e-05,3.0203049e-05,-0.8759453600000002,0.52220768,2.4384692,0.1722378,0.00031588585,0.018360127,0.00020500785,0.013336782,-1.1919092500000001,0.93289256,0.00024296179,0.053600963,0.80224854
83.0,43.99263656,0.08441067499999999,-0.81546327,0.0035491783999999083,1.402314e-05,3.0203049e-05,-0.8759453600000002,0.52220768,2.4384692,0.1722378,0.00031588585,0.018360127,0.00020500785,0.013336782,-1.1919092500000001,0.93289256,0.00024296179,0.053600963,0.80224854
84.0,43.99263656,1.084410675,-1.81546327,0.0035491783999999083,1.402314e-05,3.0203049e-05,-0.8759453600000002,0.52220768,2.4384692,0.1722378,0.00031588585,0.018360127,0.00020500785,0.013336782,-1.1919092500000001,0.93289256,0.00024296179,0.053600963,0.80224854
85.0,43.99263656,1.084410675,-0.81546327,0.0035491783999999083,1.402314e-05,3.0203049e-05,-0.8759453600000002,0.52220768,2.4384692,0.1722378,0.00031588585,0.018360127,0.00020500785,0.013336782,-1.1919092500000001,0.93289256,0.00024296179,0.053600963,0.80224854
86.0,43.99263656,0.08441067499999999,-0.81546327,1.0035491784,1.402314e-05,3.0203049e-05,-0.8759453600000002,0.52220768,2.4384692,0.1722378,0.00031588585,0.018360127,0.00020500785,0.013336782,-1.1919092500000001,0.93289256,0.00024296179,0.053600963,0.80224854
87.0,43.99263656,-0.915589325,0.18453673000000004,2.0035491784,1.402314e-05,3.0203049e-05,-0.8759453600000002,0.52220768,2.4384692,0.1722378,0.00031588585,0.018360127,0.00020500785,0.013336782,-1.1919092500000001,0.93289256,0.00024296179,0.053600963,0.80224854
88.0,43.99263656,0.08441067499999999,-0.81546327,1.0035491784000001,1.402314e-05,3.0203049e-05,-0.8759453600000002,0.52220768,2.4384692,0.1722378,0.00031588585,0.018360127,0.00020500785,0.013336782,-1.1919092500000001,0.93289256,0.00024296179,0.053600963,0.80224854
89.0,43.99263656,-0.915589325,0.18453673000000004,2.0035491784,1.402314e-05,3.0203049e-05,-0.8759453600000002,0.52220768,2.4384692,0.1722378,0.00031588585,0.018360127,0.00020500785,0.013336782,-1.1919092500000001,0.93289256,0.00024296179,0.053600963,0.80224854
90.0,43.99263656,0.08441067499999999,-0.81546327,1.0035491784000001,1.402314e-05,3.0203049e-05,-0.8759453600000002,0.52220768,2.4384692,0.1722378,0.00031588585,0.018360127,0.00020500785,0.013336782,-1.1919092500000001,0.93289256,0.00024296179,0.053600963,0.80224854
91.0,43.99263656,-0.915589325,0.18453673000000004,2.0035491784,1.402314e-05,3.0203049e-05,-0.8759453600000002,0.52220768,2.4384692,0.1722378,0.00031588585,0.018360127,0.00020500785,0.013336782,-1.1919092500000001,0.93289256,0.00024296179,0.053600963,0.80224854
92.0,43.99263656,0.08441067499999999,0.18453673000000004,1.0035491784000001,1.402314e-05,3.0203049e-05,-0.8759453600000002,0.52220768,2.4384692,0.1722378,0.00031588585,0.018360127,0.00020500785,0.013336782,-1.1919092500000001,0.93289256,0.00024296179,0.053600963,0.80224854
93.0,44.99263656,0.08441067499999999,0.18453673000000004,1.0035491784000001,1.402314e-05,3.0203049e-05,-0.8759453600000002,0.52220768,2.4384692,0.1722378,0.00031588585,0.018360127,0.00020500785,0.013336782,-1.1919092500000001,0.93289256,0.00024296179,0.053600963,0.80224854
94.0,44.99263656,1.084410675,-0.81546327,0.0035491784000001303,1.402314e-05,3.0203049e-05,-0.8759453600000002,0.52220768,2.4384692,0.1722378,0.00031588585,0.018360127,0.00020500785,0.013336782,-1.1919092500000001,0.93289256,0.00024296179,0.053600963,0.80224854
95.0,44.99263656,0.08441067499999999,-0.81546327,1.0035491784000001,1.402314e-05,3.0203049e-05,-0.8759453600000002,0.52220768,2.4384692,0.1722378,0.00031588585,0.018360127,0.00020500785,0.013336782,-1.1919092500000001,0.93289256,0.00024296179,0.053600963,0.80224854
96.0,44.99263656,-0.915589325,0.18453673000000004,2.0035491784,1.402314e-05,3.0203049e-05,-0.8759453600000002,0.52220768,2.4384692,0.1722378,0.00031588585,0.018360127,0.00020500785,0.013336782,-1.1919092500000001,0.93289256,0.00024296179,0.053600963,0.80224854
97.0,44.99263656,0.08441067499999999,-0.81546327,1.0035491784000001,1.402314e-05,3.0203049e-05,-0.8759453600000002,0.52220768,2.4384692,0.1722378,0.00031588585,0.018360127,0.00020500785,0.013336782,-1.1919092500000001,0.93289256,0.00024296179,0.053600963,0.80224854
98.0,44.99263656,-0.915589325,0.18453673000000004,2.0035491784,1.402314e-05,3.0203049e-05,-0.8759453600000002,0.52220768,2.4384692,0.1722378,0.00031588585,0.018360127,0.00020500785,0.013336782,-1.1919092500000001,0.93289256,0.00024296179,0.053600963,0.80224854
99.0,44.99263656,0.08441067499999999,-0.81546327,1.0035491784000001,1.402314e-05,3.0203049e-05,-0.8759453600000002,0.52220768,2.4384692,0.1722378,0.00031588585,0.018360127,0.00020500785,0.013336782,-1.1919092500000001,0.93289256,0.00024296179,0.053600963,0.80224854
100.0,44.99263656,0.08441067499999999,-0.81546327,1.0035491784000001,1.402314e-05,3.0203049e-05,0.12405463999999977,0.52220768,2.4384692,0.1722378,0.00031588585,0.018360127,0.00020500785,0.013336782,-1.1919092500000001,0.93289256,0.00024296179,0.053600963,0.80224854
