t,Trim,Clb,Sic,PTrim,PClb,SBF,IE,Cdc20a,Cdc20,Cdh1,Swe1,Swe1M,PSwe1,PSwe1M,Mih1a,Mcm,BE,Cln,mass,BUD,flag
0.00000000000000000E+00,8.44106750000000045E-02,1.84536730000000010E-01,3.54917840000000019E-03,1.40231400000000007E-05,3.02030489999999994E-05,1.24054639999999994E-01,5.22207679999999952E-01,1.43846919999999989E+00,1.17223780000000000E+00,9.92636560000000001E-01,3.15885849999999980E-04,1.83601270000000004E-02,2.05007849999999989E-04,1.33367820000000002E-02,8.08090749999999969E-01,9.32892559999999982E-01,2.42961789999999995E-04,5.36009630000000015E-02,8.02248540000000010E-01,0.00000000000000000E+00,0.00000000000000000E+00
1.00000000000000006E-01,8.84597641251755884E-02,1.52677150420349461E-01,4.35386112160968553E-03,2.27561970078781544E-05,3.87174071075436352E-05,8.17951044002178940E-02,5.19932317077048123E-01,1.45110283684279051E+00,1.13685100761394597E+00,9.94637402139189164E-01,3.69545451435193684E-04,1.97276426516869302E-02,2.08119134559702591E-04,1.18612760273876308E-02,7.92632000800665426E-01,9.26294379482363484E-01,7.76638169989801600E-04,5.40827336527075139E-02,8.02649764567937574E-01,0.00000000000000000E+00,0.00000000000000000E+00
2.00000000000000011E-01,9.28022535931479903E-02,1.23482638298824637E-01,5.44165171955074672E-03,3.34006626117873843E-05,4.37071134940008525E-05,5.08168666518606579E-02,5.17358571833099412E-01,1.46336790988176446E+00,1.10063071033137794E+00,9.96084821688128397E-01,4.21470832839142826E-04,2.11471013852710180E-02,2.03632389953153215E-04,1.03404591159920629E-02,7.75441088418796665E-01,9.18768930816707186E-01,1.30785514973792596E-03,5.41939861128680200E-02,8.03051189798166143E-01,0.00000000000000000E+00,0.00000000000000000E+00
3.00000000000000044E-01,9.72894114690631695E-02,9.68014578747748572E-02,6.95758231696209928E-03,4.60855890805692264E-05,4.48964855069826447E-05,3.26392068705623137E-02,5.14511731134910333E-01,1.47523960141640287E+00,1.06428725204431074E+00,9.97173811402763288E-01,4.74368574411878382E-04,2.25876340665315117E-02,1.91883661689585969E-04,8.80531558459899007E-03,7.56600767283790665E-01,9.10304279007730699E-01,1.83355783024319644E-03,5.40590335757552762E-02,8.03452815791196095E-01,0.00000000000000000E+00,0.00000000000000000E+00
4.00000000000000022E-01,1.01676366424812703E-01,7.26030874588949188E-02,9.14637809970751843E-03,6.08573898079108207E-05,4.22601023046329508E-05,2.57513935320919096E-02,5.11416134153320323E-01,1.48669581484638624E+00,1.02825379995405597E+00,9.98013305145189489E-01,5.30293033812718074E-04,2.40201213050764452E-02,1.73940441230832068E-04,7.28495258003592806E-03,7.36199750182046531E-01,9.00891134844948760E-01,2.35199403720918456E-03,5.38041655633728216E-02,8.03854642647434225E-01,0.00000000000000000E+00,0.00000000000000000E+00
5.00000000000000000E-01,1.05541386498587242E-01,5.10592058550132372E-02,1.24258977337192329E-02,7.75251954241212355E-05,3.60916756454663230E-05,2.50356049286126481E-02,5.08096728872681758E-01,1.49771711680506914E+00,9.92761968872138523E-01,9.98665558387696661E-01,5.90271173038584723E-04,2.54124929956787461E-02,1.50991181881911962E-04,5.81129848799457217E-03,7.14346639019592056E-01,8.90535629703710141E-01,2.86253058615677531E-03,5.35183868025805795E-02,8.04256670467337287E-01,0.00000000000000000E+00,0.00000000000000000E+00
6.00000000000000089E-01,1.08173155449721850E-01,3.26553696101836780E-02,1.74880446297731099E-02,9.53723535093169335E-05,2.72234845017982734E-05,2.66644062943183664E-02,5.04581592551908154E-01,1.50828688212241668E+00,9.57921100224384703E-01,9.99163627448188429E-01,6.53998998676348685E-04,2.67247592330207909E-02,1.24352837233628798E-04,4.42404981584702817E-03,6.91190827169969491E-01,8.79277786989105303E-01,3.36517155653334038E-03,5.32420222489325690E-02,8.04658899351412327E-01,0.00000000000000000E+00,0.00000000000000000E+00
7.00000000000000067E-01,1.08522238668669960E-01,1.82379637361236094E-02,2.53286461878371137E-02,1.12796839538918022E-04,1.73473573409069580E-05,2.90813576717660685E-02,5.00905388890641734E-01,1.51839174107074237E+00,9.23776270155679979E-01,9.99520966766014318E-01,7.19946391607147597E-04,2.79037670706674922E-02,9.59215450657349027E-05,3.17586969593601151E-03,6.66951211858774595E-01,8.67217122336210844E-01,3.86017287727146580E-03,5.29892992708109536E-02,8.05061329400216241E-01,0.00000000000000000E+00,0.00000000000000000E+00
8.00000000000000044E-01,1.05557869165644747E-01,8.65561038547843845E-03,3.68711730120347414E-02,1.27377690186952400E-04,8.93243577262636983E-06,3.16148214200064337E-02,4.97111683472257149E-01,1.52802234307987161E+00,8.90343334534311137E-01,9.99744215312442841E-01,7.85332393522577611E-04,2.88843996519436534E-02,6.85879414257752529E-05,2.13113130922321613E-03,6.41936895344231040E-01,8.54534027055014023E-01,4.34787086182486082E-03,5.27641388211017581E-02,8.05463960714356664E-01,0.00000000000000000E+00,0.00000000000000000E+00
9.00000000000000022E-01,9.92810611971011170E-02,3.74409909694468825E-03,5.19599028104886992E-02,1.37244925178350694E-04,3.85773484502351323E-06,3.38467232659780612E-02,4.93248345381168185E-01,1.53717405513053174E+00,8.57625996212031505E-01,9.99854675182157093E-01,8.46803473095331495E-04,2.96124888457108132E-02,4.56829834612012029E-05,1.34299461287197401E-03,6.16512353683520087E-01,8.41468971278452771E-01,4.82860919196749418E-03,5.25651972349450783E-02,8.05866793394491410E-01,0.00000000000000000E+00,0.00000000000000000E+00
1.00000000000000000E+00,9.11906857209366234E-02,1.85828442072095133E-03,6.89484817885993168E-02,1.42736358995364384E-04,1.78727791504199447E-06,3.55664494849585247E-02,4.89353982510829399E-01,1.54584670680225966E+00,8.25622194429896705E-01,9.99896644243375543E-01,9.02333205223488114E-04,3.00848118492200479E-02,2.91294603439299458E-05,8.13545212850248648E-04,5.90985961865160725E-01,8.28237340783936959E-01,5.30269721983573066E-03,5.23879611797423775E-02,8.06269827541329143E-01,0.00000000000000000E+00,0.00000000000000000E+00
1.10000000000000009E+00,8.29504683072735949E-02,1.20330232888520017E-03,8.60866300947238511E-02,1.45486902838363948E-04,1.12764246356910957E-06,3.67926112902338953E-02,4.85448903987779401E-01,1.55404306189470542E+00,7.94326837843319367E-01,9.99911431231593095E-01,9.52291609964511592E-04,3.03549408063211734E-02,1.84298875381935562E-05,4.88197521586940686E-04,5.65529109526134777E-01,8.14959622336180356E-01,5.77039009322382473E-03,5.22270560173129506E-02,8.06673063255627709E-01,0.00000000000000000E+00,0.00000000000000000E+00
1.20000000000000018E+00,7.53100166810278249E-02,9.12151089333827487E-04,1.02592664879998088E-01,1.46597702922704248E-04,8.77228542839556432E-07,3.76520235945556961E-02,4.81540187464747194E-01,1.56176713337700401E+00,7.63733603757239976E-01,9.99918227271109794E-01,9.98283772815220655E-04,3.04923164974345573E-02,1.18723081449658062E-05,2.96783727425920614E-04,5.40210060795298985E-01,8.01679529400122992E-01,6.23189055935440602E-03,5.20780126410855040E-02,8.07076500638196359E-01,0.00000000000000000E+00,0.00000000000000000E+00
1.30000000000000004E+00,6.84107624197484443E-02,7.38494049653193687E-04,1.18315797398830996E-01,1.46509465955882131E-04,7.35594401361815644E-07,3.82642461611779824E-02,4.77629927532642773E-01,1.56902329273760888E+00,7.33835833759955536E-01,9.99922428014867193E-01,1.04178569044831976E-03,3.05503541104588279E-02,7.90552800709591759E-06,1.85434771009513314E-04,5.15058264943987321E-01,7.88410489931514302E-01,6.68736157608665165E-03,5.19376877018169342E-02,8.07480139789894302E-01,0.00000000000000000E+00,0.00000000000000000E+00
1.40000000000000013E+00,6.22221102044175564E-02,6.19279824889087623E-04,1.33283418342122956E-01,1.45444413801769324E-04,6.36382881742698188E-07,3.87127365873710244E-02,4.73718916784217625E-01,1.57581598982275439E+00,7.04626813830684817E-01,9.99925413445438283E-01,1.08378107604991986E-03,3.05625304001924218E-02,5.49571572083601900E-06,1.20407422517506037E-04,4.90093976729910064E-01,7.75157931556293978E-01,7.13693870288236668E-03,5.18039793182603764E-02,8.07883980811631375E-01,0.00000000000000000E+00,0.00000000000000000E+00
1.50000000000000000E+00,5.66831607298455623E-02,5.31848302243933461E-04,1.47554939894775083E-01,1.43575974620058439E-04,5.60608930207034729E-07,3.90522080165077237E-02,4.69807573876199092E-01,1.58214967947433083E+00,6.76099847470378768E-01,9.99927680951125830E-01,1.12486610658592474E-03,3.05484325843982350E-02,4.01343311988549666E-06,8.19609270180695070E-05,4.65335932934101026E-01,7.61925037386412485E-01,7.58073896994989737E-03,5.16754842083042634E-02,8.08288023804367928E-01,0.00000000000000000E+00,0.00000000000000000E+00
1.60000000000000009E+00,5.17305976936046283E-02,4.64990690261987520E-04,1.61192891583164383E-01,1.41056781687490154E-04,4.99880429852198387E-07,3.93184852123240960E-02,4.65896160854956054E-01,1.58802879664243135E+00,6.48248280386467646E-01,9.99929476949518170E-01,1.16539265789466638E-03,3.05192776139948732E-02,3.08459720943431446E-06,5.87901879245835191E-05,4.40803302883408854E-01,7.48714081361019690E-01,8.01886671152016693E-03,5.15512567949601777E-02,8.08692268869114494E-01,0.00000000000000000E+00,0.00000000000000000E+00
1.70000000000000018E+00,4.73043862144417390E-02,4.12287716169548854E-04,1.74256895554309482E-01,1.38021705255774867E-04,4.49611850434846282E-07,3.95352512429001587E-02,4.61984856491557294E-01,1.59345774438871124E+00,6.21065512253741625E-01,9.99930942839714731E-01,1.20556693742332900E-03,3.04814541936167770E-02,2.48806652980882411E-06,4.44556482664037268E-05,4.16516500054945338E-01,7.35526870302906088E-01,8.45141741796028717E-03,5.14306524714772673E-02,8.09096716106932567E-01,0.00000000000000000E+00,0.00000000000000000E+00
1.80000000000000004E+00,4.33492750715842173E-02,3.69745949537150234E-04,1.86802015758235296E-01,1.34588769881116126E-04,4.07026523357371088E-07,3.97183130868738674E-02,4.58073790192377484E-01,1.59844088686605468E+00,5.94545003519597270E-01,9.99932166764638586E-01,1.24550969240735986E-03,3.04386053212582497E-02,2.09298774498097821E-06,3.52846516612977958E-05,3.92497713316516728E-01,7.22364947439382510E-01,8.87848028553738823E-03,5.13132263414641937E-02,8.09501365618933932E-01,0.00000000000000000E+00,0.00000000000000000E+00
1.90000000000000013E+00,3.98150778657498650E-02,3.34748680095849321E-04,1.98878399895868474E-01,1.30860272738304140E-04,3.70325750176071571E-07,3.98782871484637744E-02,4.54163059319195539E-01,1.60298254474550195E+00,5.68680279757644125E-01,9.99933206614543324E-01,1.28529147040452158E-03,3.03928066331920974E-02,1.82195820635886424E-06,2.91840905367460389E-05,3.68771340405646519E-01,7.09229696971658385E-01,9.30013990098941395E-03,5.11986679802438754E-02,8.09906217506280779E-01,0.00000000000000000E+00,0.00000000000000000E+00
2.00000000000000000E+00,3.66565326931936747E-02,3.05502955320574902E-04,2.10531369181974515E-01,1.26924073168652824E-04,3.38299602186952497E-07,4.00223640810943720E-02,4.50252740729006951E-01,1.60708699190616788E+00,5.43464934764824381E-01,9.99934102158689386E-01,1.32495387446727032E-03,3.03452563481251998E-02,1.62869938167244246E-06,2.49451649140128072E-05,3.45364418202195711E-01,6.96122414386656119E-01,9.71647740602044237E-03,5.10867571507750903E-02,8.10311271870186256E-01,0.00000000000000000E+00,0.00000000000000000E+00
2.10000000000000009E+00,3.38329910663876174E-02,2.80735465977920802E-04,2.21801702377430965E-01,1.22855038243571289E-04,3.10074122907219926E-07,4.01554382035121046E-02,4.46342896507387898E-01,1.61075845286774411E+00,5.18892632914532026E-01,9.99934881730705993E-01,1.36452151089315249E-03,3.02966488243241079E-02,1.48541959208432692E-06,2.18669778655916488E-05,3.22307048495580561E-01,6.83044342562938556E-01,1.01275712663800015E-02,5.09773353261124967E-02,8.10716528811913806E-01,0.00000000000000000E+00,0.00000000000000000E+00
2.20000000000000018E+00,3.13080357708521093E-02,2.59516597982530734E-04,2.32725997455943995E-01,1.18716413494449801E-04,2.85012037239921884E-07,4.02808690494512803E-02,4.42433578414766937E-01,1.61400110053073598E+00,4.94957111204119005E-01,9.99935566089890093E-01,1.40400919209241349E-03,3.02473947398932269E-02,1.37513318094007322E-06,1.95346483703726395E-05,2.99632864804032006E-01,6.69996700371764398E-01,1.05334978159109752E-02,5.08702859589013276E-02,8.11121988432778052E-01,0.00000000000000000E+00,0.00000000000000000E+00
2.30000000000000027E+00,2.90490986523313406E-02,2.41153678538471070E-04,2.43337040649372394E-01,1.14561141450451358E-04,2.62628574782455399E-07,4.04009708937035084E-02,4.38524830610271976E-01,1.61681905412555316E+00,4.71652181098419387E-01,9.99936170767368848E-01,1.44342592602707178E-03,3.01977393454652097E-02,1.28736027876588704E-06,1.77001333193128512E-05,2.77379523758102930E-01,6.56980701207007245E-01,1.09343316204645515E-02,5.07655216567580725E-02,8.11527650834143466E-01,0.00000000000000000E+00,0.00000000000000000E+00
2.40000000000000036E+00,2.70270891283609267E-02,2.25119557848195938E-04,2.53664168092877784E-01,1.10433086483758338E-04,2.42545836491804052E-07,4.05173518782422915E-02,4.34616691649709064E-01,1.61921637714761868E+00,4.48971730387828782E-01,9.99936707638929612E-01,1.48277735752069643E-03,3.01478335180622378E-02,1.21546704614513565E-06,1.62106077450024546E-05,2.55589231457152677E-01,6.43997567381012992E-01,1.13301457409553039E-02,5.06629751691455299E-02,8.11933516117425813E-01,0.00000000000000000E+00,0.00000000000000000E+00
2.50000000000000000E+00,2.52160457023269252E-02,2.11005796444899862E-04,2.63733607234193201E-01,1.06368159757825061E-04,2.24462105674167418E-07,4.06311374715143184E-02,4.30709195870566441E-01,1.62119707519834710E+00,4.26909725142188445E-01,9.99937185952022967E-01,1.52206712960616651E-03,3.00977723912172791E-02,1.15515826006604948E-06,1.49695188896338024E-05,2.34309290536270920E-01,6.31048541055044598E-01,1.17210119165805197E-02,5.05625933602399727E-02,8.12339584384091484E-01,0.00000000000000000E+00,0.00000000000000000E+00
2.60000000000000009E+00,2.35928103441980230E-02,1.98491118761218383E-04,2.73568797018758247E-01,1.02395347740368874E-04,2.08131599103172268E-07,4.07431235011362844E-02,4.26802374433290055E-01,1.62276509359836951E+00,4.05460211891896627E-01,9.99937613019857396E-01,1.56129769354871142E-03,3.00476180518733718E-02,1.10356585828718815E-06,1.39136974928338710E-05,2.13592646619796295E-01,6.18134893338487701E-01,1.21070006980137611E-02,5.04643330219199243E-02,8.12745855735657385E-01,0.00000000000000000E+00,0.00000000000000000E+00
2.70000000000000018E+00,2.21367412082685150E-02,1.87321984132112179E-04,2.83190671248852666E-01,9.85376063706374804E-05,1.93350703005850645E-07,4.08538751363150474E-02,4.22896256039822893E-01,1.62392431480258637E+00,3.84617320016418629E-01,9.99937994649949924E-01,1.60047076112822197E-03,2.99974120521036385E-02,1.05873004951283268E-06,1.30007364338655807E-05,1.93498360860332175E-01,6.05257931539332161E-01,1.24881815402783682E-02,5.03681581224325325E-02,8.13152330273691493E-01,0.00000000000000000E+00,0.00000000000000000E+00
2.80000000000000027E+00,2.08294505621712568E-02,1.77289244249447317E-04,2.92617917324706545E-01,9.48126953008716602E-05,1.79946754310896718E-07,4.09637992252535055E-02,4.18990867523891586E-01,1.62467855536350947E+00,3.64375264579781089E-01,9.99938335652764576E-01,1.63958759264295931E-03,2.99471833828473151E-02,1.01926197003350633E-06,1.22009435465596437E-05,1.74091966662274028E-01,5.92419005964663681E-01,1.28646228760077152E-02,5.02740377666366853E-02,8.13559008099812520E-01,0.00000000000000000E+00,0.00000000000000000E+00
2.90000000000000036E+00,1.96545514778998162E-02,1.68231601248585718E-04,3.01867227192865573E-01,9.12339044710186827E-05,1.67774061996532794E-07,4.10731919047632940E-02,4.15086234276490829E-01,1.62503156245524738E+00,3.44728349610299911E-01,9.99938639774863303E-01,1.67864916407909530E-03,2.98969529712324877E-02,9.84143532893673941E-07,1.14928004168840052E-05,1.55445566549868130E-01,5.79619515855674061E-01,1.32363921692481446E-02,5.01819448305216020E-02,8.13965889315689695E-01,0.00000000000000000E+00,0.00000000000000000E+00
3.00000000000000000E+00,1.85974600746205802E-02,1.60009247707762389E-04,3.10953492745055293E-01,8.78107091006912252E-05,1.56705526522962855E-07,4.11822703516218636E-02,4.11182380672972969E-01,1.62498700979682265E+00,3.25670971981987800E-01,9.99938910265549374E-01,1.71765625405547362E-03,2.98467361666481419E-02,9.52617045099133127E-07,1.08604468576612992E-05,1.37637502779444115E-01,5.66860915673413568E-01,1.36035559575693847E-02,5.00918549893604390E-02,8.14372974023043650E-01,0.00000000000000000E+00,0.00000000000000000E+00
3.10000000000000009E+00,1.76451918368658658E-02,1.52508302261697995E-04,3.19890008257779968E-01,8.45493436187514877E-05,1.46630006983868108E-07,4.12911974863925321E-02,4.07279330221469948E-01,1.62454849285974601E+00,3.07197626014216463E-01,9.99939149786352455E-01,1.75660952259710764E-03,2.97965449237346594E-02,9.24090005858694715E-07,1.02914784883498792E-05,1.20751359539424924E-01,5.54144719829770871E-01,1.39661798854554507E-02,5.00037460349966253E-02,8.14780262323645199E-01,0.00000000000000000E+00,0.00000000000000000E+00
3.20000000000000018E+00,1.67861891708327056E-02,1.45635519505641356E-04,3.28688641229822553E-01,8.14533084030563692E-05,1.37450465564536470E-07,4.14000957357820651E-02,4.03377105904397237E-01,1.62371952319423363E+00,2.89302908954746918E-01,9.99939360536988842E-01,1.79550953413306702E-03,2.97463883875535330E-02,8.98100451020674245E-07,9.77634817029131150E-06,1.04874012778094203E-01,5.41472508935541552E-01,1.43243287316885647E-02,4.99175973898964287E-02,8.15187754319316560E-01,0.00000000000000000E+00,0.00000000000000000E+00
3.30000000000000027E+00,1.60101691055215024E-02,1.39312026493739979E-04,3.37359983752065606E-01,7.85238175992237364E-05,1.29080672164982210E-07,4.15090594011591346E-02,3.99475730285602848E-01,1.62250352167845824E+00,2.71981527541589108E-01,9.99939544365577637E-01,1.83435679193010167E-03,2.96962739372696044E-02,8.74274018658243091E-07,9.30731227938801985E-06,9.00924049438214525E-02,5.28845934871558399E-01,1.46780664322969535E-02,4.98333897518640975E-02,8.15595450111930687E-01,0.00000000000000000E+00,0.00000000000000000E+00
3.40000000000000036E+00,1.53079829945582755E-02,1.33471168282088212E-04,3.45913491830170616E-01,7.57601931128973159E-05,1.21443858605419949E-07,4.16181617946604632E-02,3.95575225700391442E-01,1.62090381035559927E+00,2.55228305977324987E-01,9.99939702843815947E-01,1.87315174962160761E-03,2.96462074957781277E-02,8.52306320288273190E-07,8.87811397810499339E-06,7.64887298250920417E-02,5.16266726735297832E-01,1.50274561004394343E-02,4.97511048378376300E-02,8.16003349803411604E-01,0.00000000000000000E+00,0.00000000000000000E+00
3.50000000000000000E+00,1.46714937334540326E-02,1.28056574242773160E-04,3.54357607476747605E-01,7.31602027239283128E-05,1.14471301951567295E-07,4.17274608781473613E-02,3.91675614370404546E-01,1.61892360275838443E+00,2.39038195420912231E-01,9.99939837294063216E-01,1.91189482417112363E-03,2.95961939140420328E-02,8.31945542113512113E-07,8.48359337753298657E-06,6.41340941210771093E-02,5.03736696575228238E-01,1.53725600435703717E-02,4.96707251967840047E-02,8.16411453495734074E-01,0.00000000000000000E+00,0.00000000000000000E+00
3.60000000000000009E+00,1.40934646914756614E-02,1.23020158538341470E-04,3.62699869171957567E-01,7.07203593697431927E-05,1.08101285978061041E-07,4.18370031892045038E-02,3.87776918515126079E-01,1.61656599207097340E+00,2.23406285641249341E-01,9.99939948836604198E-01,1.95058640359315806E-03,2.95462371999521689E-02,8.12981387998614489E-07,8.11945441719085523E-06,5.30808561083764285E-02,4.91257745536420043E-01,1.57134397790993398E-02,4.95922340680946261E-02,8.16819761290924373E-01,0.00000000000000000E+00,0.00000000000000000E+00
3.70000000000000018E+00,1.35674612047469237E-02,1.18320686805237620E-04,3.70947009884508294E-01,6.84361781927709433E-05,1.02278213040254238E-07,4.19468266716249288E-02,3.83879160444761280E-01,1.61383393678653531E+00,2.08327819177977908E-01,9.99940038420006228E-01,1.98922685285059762E-03,2.94963406949420442E-02,7.95236713702916545E-07,7.78208491275479858E-06,4.33546837784678923E-02,4.78831870248427549E-01,1.60501560485610088E-02,4.95156152760612422E-02,8.17228273291059293E-01,0.00000000000000000E+00,0.00000000000000000E+00
3.80000000000000027E+00,1.30877625444654980E-02,1.13922838262802282E-04,3.79105044707638117E-01,6.63023979422340456E-05,9.69518577861667653E-08,4.20569626930157592E-02,3.79982362644047500E-01,1.61073024317126379E+00,1.93798208697721353E-01,9.99940106840659260E-01,2.02781651814164026E-03,2.94465071972722196E-02,7.78561373127914372E-07,7.46843059768921151E-06,3.49478889804386711E-02,4.66461169570138612E-01,1.63827688307199779E-02,4.94408531493985351E-02,8.17636989598266695E-01,0.00000000000000000E+00,0.00000000000000000E+00
3.90000000000000036E+00,1.26492842807787408E-02,1.09795871140332967E-04,3.87179348172197735E-01,6.43131707313714969E-05,9.20768073203134492E-08,4.21674375570212992E-02,3.76086547844813490E-01,1.60725754385659547E+00,1.79813058224827321E-01,9.99940154771368439E-01,2.06635573022320804E-03,2.93967390652490126E-02,7.62827458914826605E-07,7.17588971756648214E-06,2.78158375601415299E-02,4.54147851665685831E-01,1.67113373537901982E-02,4.93679324587725302E-02,8.18045910314725844E-01,0.00000000000000000E+00,0.00000000000000000E+00
4.00000000000000000E+00,1.22475060148476683E-02,1.05913946799582231E-04,3.95174726267535859E-01,6.24622272990942051E-05,8.76117184326212838E-08,4.22782736690199973E-02,3.72191739090737661E-01,1.60341827066767673E+00,1.66368190133321353E-01,9.99940182756544615E-01,2.10484480757574827E-03,2.93470383028431835E-02,7.47925013332652566E-07,6.90222561411376046E-06,2.18779674255008064E-02,4.41894241675244714E-01,1.70359201072552043E-02,4.92968383672946972E-02,8.18455035542666742E-01,0.00000000000000000E+00,0.00000000000000000E+00
4.10000000000000053E+00,1.18784147605825834E-02,1.02251813290206062E-04,4.03095472830828638E-01,6.07430104158620520E-05,8.35197114900254940E-08,4.23894903628311837E-02,3.68297959793728424E-01,1.59921462190314623E+00,1.53459677704187919E-01,9.99940191293946068E-01,2.14328405749853075E-03,2.92974066245091508E-02,7.33760101081803553E-07,6.64550051204870387E-06,1.70237013018338795E-02,4.29702789591055789E-01,1.73565748523437785E-02,4.92275563934345822E-02,8.18864365384370907E-01,0.00000000000000000E+00,0.00000000000000000E+00
4.20000000000000018E+00,1.15384407103469762E-02,9.87915019226020424E-05,4.10945433675735050E-01,5.91487958776691378E-05,7.97664122661792434E-08,4.25011043907315492E-02,3.64405233801599282E-01,1.59464851995607915E+00,1.41083887320171353E-01,9.99940180702438952E-01,2.18167377911921822E-03,2.92478454660818829E-02,7.20251084260986967E-07,6.40406332646088711E-06,1.31224115950797776E-02,4.17576078956885755E-01,1.76733586331984868E-02,4.91600723786347060E-02,8.19273899942170702E-01,0.00000000000000000E+00,0.00000000000000000E+00
4.29999999999999982E+00,1.12244157675436967E-02,9.55145327209909576E-05,4.18728047889660115E-01,5.76727868750505368E-05,7.63211703410589745E-08,4.26131305518315795E-02,3.60513585441657569E-01,1.58972155876320898E+00,1.29237530844661497E-01,9.99940151277342593E-01,2.22001426353003392E-03,2.91983560660837721E-02,7.07327926638746767E-07,6.17646727827103292E-06,1.00347816109548349E-02,4.05516835803253706E-01,1.79863277870900388E-02,4.90943724616534419E-02,8.19683639318449786E-01,0.00000000000000000E+00,0.00000000000000000E+00
4.40000000000000036E+00,1.09335251265203666E-02,9.24053241696330929E-05,4.26446396214577306E-01,5.63081954134735194E-05,7.31559873164737463E-08,4.27255820360344235E-02,3.56623039570444778E-01,1.58443493727755347E+00,1.17917731942354789E-01,9.99940103218080023E-01,2.25830579582113116E-03,2.91489394866829669E-02,6.94929719791140343E-07,5.96144810208075232E-06,7.62349542941422303E-03,3.93527937960127028E-01,1.82955379558422844E-02,4.90304430575739178E-02,8.20093583615642885E-01,0.00000000000000000E+00,0.00000000000000000E+00
4.50000000000000000E+00,1.06632703002311115E-02,8.94501308985098243E-05,4.34103237936904918E-01,5.50483087338218859E-05,7.02454115844173965E-08,4.28384707000886433E-02,3.52733621624476412E-01,1.57878937126481134E+00,1.07122114178897124E-01,9.99940036646420394E-01,2.29654865577155320E-03,2.90995966380112672E-02,6.83003639728965905E-07,5.75789900662004290E-06,5.76142974668693731E-03,3.81612425902135066E-01,1.86010440927957682E-02,4.89682708414528323E-02,8.20503732936236130E-01,0.00000000000000000E+00,0.00000000000000000E+00
4.60000000000000053E+00,1.04114345989794119E-02,8.66367915950932147E-05,4.41701045366639011E-01,5.38865441649810390E-05,6.75663058804076259E-08,4.29518072984588772E-02,3.48845357668691514E-01,1.57278497876173873E+00,9.68489154267972302E-02,9.99939951606710564E-01,2.33474311867036240E-03,2.90503283005543005E-02,6.71503828634598739E-07,5.56484765517789495E-06,4.33671126560829234E-03,3.69773514077660181E-01,1.89029004709299307E-02,4.89078427340424518E-02,8.20914087382766833E-01,0.00000000000000000E+00,0.00000000000000000E+00
4.70000000000000018E+00,1.01760504667106448E-02,8.39545204497693030E-05,4.49242036520583643E-01,5.28164917631440784E-05,6.50976448630186268E-08,4.30656016736274058E-02,3.44958274438980306E-01,1.56642113567584351E+00,8.70971320012667582E-02,9.99939848063732151E-01,2.37288945603814734E-03,2.90011351444022375E-02,6.60390410207346047E-07,5.38143634364442273E-06,3.25463788432481162E-03,3.58014601477523675E-01,1.92011606960933098E-02,4.88491458878782675E-02,8.21324647057823487E-01,0.00000000000000000E+00,0.00000000000000000E+00
4.80000000000000071E+00,9.95537266191321400E-03,8.13937309616717366E-05,4.56728201933692513E-01,5.18319480133714846E-05,6.28203300137599133E-08,4.31798628954505465E-02,3.41072399390641989E-01,1.55969627730497695E+00,7.78667170212488102E-02,9.99939725897332377E-01,2.41098793617272383E-03,2.89520177429013967E-02,6.49628742234413579E-07,5.20690789124881593E-06,2.43757068343218542E-03,3.46339284507380718E-01,1.94958777141457096E-02,4.87921676772195556E-02,8.21735412064046433E-01,0.00000000000000000E+00,0.00000000000000000E+00
4.90000000000000036E+00,9.74785452394548099E-03,7.89457757621827877E-05,4.64161328407351470E-01,5.09269431634236768E-05,6.07168644736294409E-08,4.32945994064778822E-02,3.37187760742523379E-01,1.55260763874911589E+00,6.91588398499019680E-02,9.99939584895755740E-01,2.44903882471142996E-03,2.89029765921785982E-02,6.39188685884414300E-07,5.04058572861554008E-06,1.82335432315615517E-03,3.34751369950429367E-01,1.97871038191064254E-02,4.87368956891838928E-02,8.22146382504126638E-01,0.00000000000000000E+00,0.00000000000000000E+00
5.00000000000000000E+00,9.55212548578316181E-03,7.66030762867926364E-05,4.71543021535362372E-01,5.00957591428651816E-05,5.87715687927571999E-08,4.34098190905934586E-02,3.33304387525416801E-01,1.54515090577011560E+00,6.09762350589892269E-02,9.99939424739818228E-01,2.48704238500521962E-03,2.88540121134674213E-02,6.29044083016348756E-07,4.88187122307708944E-06,1.36321175676401931E-03,3.23254888675229612E-01,2.00748906623984535E-02,4.86833177154849875E-02,8.22557558480806805E-01,0.00000000000000000E+00,0.00000000000000000E+00
5.10000000000000053E+00,9.36697223753567287E-03,7.43587649381467145E-05,4.78874724575297450E-01,4.93329450231786971E-05,5.69700919889126393E-08,4.35255293550764893E-02,3.29422309630335641E-01,1.53731973828606328E+00,5.33236787839613396E-02,9.99939244978874875E-01,2.52499887842546483E-03,2.88051246640183591E-02,6.19172321927774358E-07,4.73023244941709291E-06,1.01936726516130413E-03,3.11854110240819327E-01,2.03592892609448725E-02,4.86314217453205980E-02,8.22968940096880819E-01,0.00000000000000000E+00,0.00000000000000000E+00
5.20000000000000018E+00,9.19132158222699808E-03,7.22066710017894977E-05,4.86157735644692557E-01,4.86333257888570938E-05,5.52993964471534358E-08,4.36417372207664536E-02,3.25541557855612951E-01,1.52910513672927428E+00,4.62086222068096367E-02,9.99939045023817585E-01,2.56290856476892696E-03,2.87563145500231120E-02,6.09553826093880537E-07,4.58519100378697686E-06,7.62904093935443746E-04,3.00553557961566853E-01,2.06403500055219319E-02,4.85811959590941450E-02,8.23380527455194078E-01,0.00000000000000000E+00,0.00000000000000000E+00
5.30000000000000071E+00,9.02422547682821957E-03,7.01412587431921193E-05,4.93393222733941483E-01,4.79920081911294736E-05,5.37476714169724595E-08,4.37584493659286047E-02,3.21662163957179947E-01,1.52049460475364318E+00,3.96420286961778612E-02,9.99938824074459887E-01,2.60077170247732413E-03,2.87075820297305745E-02,6.00171747129480095E-07,4.44631866777776445E-06,5.71879367539773970E-04,2.89358024545213366E-01,2.09181226687533105E-02,4.85326287230028880E-02,8.23792320658643495E-01,0.00000000000000000E+00,0.00000000000000000E+00
5.40000000000000036E+00,8.86484742635926248E-03,6.81575369164363920E-05,5.00582237373190075E-01,4.74043836325282330E-05,5.23042016506314088E-08,4.38756721759963469E-02,3.17784160701490459E-01,1.51147104782140707E+00,3.36394750641636278E-02,9.99938581101662449E-01,2.63858854886648685E-03,2.86589273198497446E-02,5.91011654893078572E-07,4.31323079230188715E-06,4.29718367693508231E-04,2.78272588726623693E-01,2.11926564132458167E-02,4.84857085838896751E-02,8.24204319810177388E-01,0.00000000000000000E+00,0.00000000000000000E+00
5.50000000000000000E+00,8.71245092825706502E-03,6.62510048968751144E-05,5.07725726251207155E-01,4.68661286310885635E-05,5.09592802062228267E-08,4.39934117838705896E-02,3.13907581918738632E-01,1.50201150034401842E+00,2.82224242755942448E-02,9.99938314766880221E-01,2.67635936031887121E-03,2.86103506004656699E-02,5.82061279434666120E-07,4.18558120634180406E-06,3.23976944234080372E-04,2.67302631818765568E-01,2.14639997993337633E-02,4.84404242648192387E-02,8.24616525012795587E-01,0.00000000000000000E+00,0.00000000000000000E+00
5.60000000000000053E+00,8.56638904771835075E-03,6.44175973670776551E-05,5.14824541706844108E-01,4.63732037266220096E-05,4.97041190479929276E-08,4.41116741044607491E-02,3.10032462559316546E-01,1.49208592638174498E+00,2.34194245973090680E-02,9.99938023361610973E-01,2.71408439244839395E-03,2.85618520192788619E-02,5.73310287936676587E-07,4.06305781755934825E-06,2.45337557287153096E-04,2.56453854794880920E-01,2.17322007928488561E-02,4.83967646609599553E-02,8.25028936369549215E-01,0.00000000000000000E+00,0.00000000000000000E+00
5.70000000000000018E+00,8.42609544944906107E-03,6.26536396044740236E-05,5.21879450764831998E-01,4.59218508907907995E-05,4.85307717475754530E-08,4.42304648636724640E-02,3.06158838751493578E-01,1.48165699667216133E+00,1.92663324234863993E-02,9.99937704768739666E-01,2.75176390023918914E-03,2.85134316952372971E-02,5.64750096996721459E-07,3.94537884197856209E-06,1.86856870877215504E-04,2.45732294998452949E-01,2.19973067725965261E-02,4.83547188359209970E-02,8.25441553983541243E-01,0.00000000000000000E+00,0.00000000000000000E+00
5.80000000000000071E+00,8.29107577256097891E-03,6.09558064901589861E-05,5.28891143834481325E-01,4.55085888932409938E-05,4.74320605337854429E-08,4.43497896246392506E-02,3.02286747865087080E-01,1.47068290519552192E+00,1.58034955572495077E-02,9.99937356551094503E-01,2.78939813817231366E-03,2.84650897217703751E-02,5.56373700546985899E-07,3.83228943863586567E-06,1.43339085428358727E-04,2.35144343487510038E-01,2.22593645381489701E-02,4.83142760181739031E-02,8.25854377957926045E-01,0.00000000000000000E+00,0.00000000000000000E+00
5.90000000000000036E+00,8.16090047451110967E-03,5.93210877093054931E-05,5.35860241936874537E-01,4.51302050870474117E-05,4.64015084778879052E-08,4.44696538079829354E-02,2.98416228572667142E-01,1.45912703903498797E+00,1.30660832133749870E-02,9.99936976296921021E-01,2.82698736032326254E-03,2.84168261694521147E-02,5.48175538267903699E-07,3.72355894337450085E-06,1.10949617536170730E-04,2.24696760052121053E-01,2.25184203167852065E-02,4.82754255981347954E-02,8.26267408395909730E-01,0.00000000000000000E+00,0.00000000000000000E+00
6.00000000000000000E+00,8.03519617026208187E-03,5.77467542284864412E-05,5.42787305452044122E-01,4.47837398259400544E-05,4.54332703960770074E-08,4.45900627125295282E-02,2.94547320920935884E-01,1.44697746405735539E+00,1.10646001841341306E-02,9.99936562433998866E-01,2.86453182046893587E-03,2.83686410885364386E-02,5.40151352653251989E-07,3.61897822381173484E-06,8.68138075843148075E-05,2.14396688988693268E-01,2.27745197712447625E-02,4.82381571249926172E-02,8.26680645400749703E-01,0.00000000000000000E+00,0.00000000000000000E+00
6.10000000000000053E+00,7.91363733471948071E-03,5.62303282314503900E-05,5.49672842506931825E-01,4.44664608093838735E-05,4.45220607987421158E-08,4.47110215310758535E-02,2.90680066400162751E-01,1.43427067502801697E+00,9.76113658703932525E-03,9.99936115220549371E-01,2.90203177217597660E-03,2.83205345110739033E-02,5.32298074921568958E-07,3.51835747874824495E-06,6.88074674271321637E-05,2.04251671362557202E-01,2.30277080066232757E-02,4.82024603041523933E-02,8.27094089075755323E-01,0.00000000000000000E+00,0.00000000000000000E+00
6.20000000000000018E+00,7.79593716132874395E-03,5.47695554763558476E-05,5.56517318219014734E-01,4.41758300418430212E-05,4.36630809468760933E-08,4.48325353667515455E-02,2.86814508021272785E-01,1.42109935767088125E+00,9.06160565935436313E-03,9.99935637412898370E-01,2.93948746890073829E-03,2.82725064530277119E-02,5.24613699389100104E-07,3.42152403767131811E-06,5.53375387084793099E-05,1.94269655638951960E-01,2.32780295776705524E-02,4.81683249945949951E-02,8.27507739524287689E-01,0.00000000000000000E+00,0.00000000000000000E+00
6.30000000000000071E+00,7.68184104979213658E-03,5.33623829642897171E-05,5.63321161301909457E-01,4.39094755204593625E-05,4.28519572428687396E-08,4.49546092447809242E-02,2.82950690393543813E-01,1.40758861851980677E+00,8.83951377233386376E-03,9.99935133146930388E-01,2.97689916406835035E-03,2.82245569158337921E-02,5.17097186186366572E-07,3.32832073501937493E-06,4.52445769877185720E-05,1.84459003560365181E-01,2.35255284954867180E-02,4.81357412066790585E-02,8.27921596849759078E-01,0.00000000000000000E+00,0.00000000000000000E+00
6.40000000000000036E+00,7.57112272041293288E-03,5.20069421929862384E-05,5.70084768032933176E-01,4.36651784071020083E-05,4.20846990255454575E-08,4.50772481256959956E-02,2.79088659811151218E-01,1.39385710208488600E+00,8.97484312114024164E-03,9.99934606674330095E-01,3.01426711114824702E-03,2.81766858880630224E-02,5.09748366183345758E-07,3.23860417813390777E-06,3.76572639671917010E-05,1.74828492284367282E-01,2.37702482346869096E-02,4.81046990997848617E-02,8.28335661155634062E-01,0.00000000000000000E+00,0.00000000000000000E+00
6.50000000000000000E+00,7.46358368813096560E-03,5.07015358328598954E-05,5.76808502841898108E-01,4.34408752822743440E-05,4.13576742402483761E-08,4.52004569145593657E-02,2.75228464342275325E-01,1.37999242646135745E+00,9.37861598043275568E-03,9.99934061113879169E-01,3.05159156369629340E-03,2.81288933465717976E-02,5.02567884890991132E-07,3.15224354064008379E-06,3.19307451164354652E-05,1.65387309403480037E-01,2.40122317401180209E-02,4.80751889802872936E-02,8.28749932545428725E-01,0.00000000000000000E+00,0.00000000000000000E+00
6.60000000000000053E+00,7.35905342354003719E-03,4.94446253088642073E-05,5.83492698206874105E-01,4.32346660278699606E-05,4.06675922662022121E-08,4.53242404692518128E-02,2.71370153924472113E-01,1.36604824148238091E+00,9.99583641556204758E-03,9.99933498299771739E-01,3.08887277538413656E-03,2.80811792575129428E-02,4.95557160445765058E-07,3.06911949832912373E-06,2.75870900074390379E-05,1.56145040110522243E-01,2.42515214335862483E-02,4.80472012995807329E-02,8.29164411122710776E-01,0.00000000000000000E+00,0.00000000000000000E+00
6.70000000000000018E+00,7.25738906021844085E-03,4.82348180907101444E-05,5.90137655004379980E-01,4.30448199626249216E-05,4.00114867682382395E-08,4.54486036076750741E-02,2.67513780466099527E-01,1.35205184386365884E+00,1.07978750032656154E-02,9.99932919211026450E-01,3.12611100002391489E-03,2.80335435772297824E-02,4.88718348156558199E-07,2.98912328629943788E-06,2.42719094778966208E-05,1.47111644333441566E-01,2.44881592204986981E-02,4.80207266522013690E-02,8.29579096991099885E-01,0.00000000000000000E+00,0.00000000000000000E+00
6.80000000000000071E+00,7.15847435940903873E-03,4.70708545589126889E-05,5.96743643605368357E-01,4.28697780491508966E-05,3.93866965673194107E-08,4.55735511142914065E-02,2.63659397954240371E-01,1.33801307856570406E+00,1.17735673361365201E-02,9.99932323128797318E-01,3.16330649159681388E-03,2.79859862530953407E-02,4.82054302906413180E-07,2.91215581504361220E-06,2.17224963300906130E-05,1.38297421575609036E-01,2.47221864964163665E-02,4.79957557740385843E-02,8.29993990254267677E-01,0.00000000000000000E+00,0.00000000000000000E+00
6.90000000000000036E+00,7.06221811656196959E-03,4.59515945486543896E-05,6.03310905532325470E-01,4.27081516666408739E-05,3.87908451053382217E-08,4.56990877463212750E-02,2.59807062569659741E-01,1.32393099082163390E+00,1.29225618628722033E-02,9.99931710037808563E-01,3.20045950429033357E-03,2.79385072243342435E-02,4.75568534373378415E-07,2.83812680761844790E-06,1.97440246181626476E-05,1.29712961059403498E-01,2.49536441535257794E-02,4.79722795406263419E-02,8.30409091015937295E-01,0.00000000000000000E+00,0.00000000000000000E+00
7.00000000000000000E+00,6.96855226415167214E-03,4.48760036660257166E-05,6.09839655422163562E-01,4.25587190882899794E-05,3.82218195681018362E-08,4.58252182397621277E-02,2.55956832809414114E-01,1.30979824164853609E+00,1.42509042462768288E-02,9.99931078947564389E-01,3.23757029254623588E-03,2.78911064228382528E-02,4.69265153081742345E-07,2.76695394697389514E-06,1.81920583441032317E-05,1.21369074508833677E-01,2.51825725870288147E-02,4.79502889655129549E-02,8.30824399379883949E-01,0.00000000000000000E+00,0.00000000000000000E+00
7.10000000000000053E+00,6.87742984418871200E-03,4.38431393197252105E-05,6.16330083120874006E-01,4.24204205484253317E-05,3.76777504236718129E-08,4.59519473153820676E-02,2.52108769617739981E-01,1.29560386973397201E+00,1.57682753473956175E-02,9.99930428737594856E-01,3.27463911112052704E-03,2.78437837739867709E-02,4.63148805869657218E-07,2.69856202200091985E-06,1.69594918908631088E-05,1.13276708952001634E-01,2.54090117014546812E-02,4.79297751987061427E-02,8.31239915449934808E-01,0.00000000000000000E+00,0.00000000000000000E+00
7.20000000000000018E+00,6.78882306513659342E-03,4.28521365106668544E-05,6.22782355669535104E-01,4.22923535318487078E-05,3.71569928035046029E-08,4.60792796847574113E-02,2.48262936545498192E-01,1.28133505370469591E+00,1.74862289187973190E-02,9.99929758115056688E-01,3.31166621516008810E-03,2.77965391974474736E-02,4.57224602250888438E-07,2.63288210101701350E-06,1.59670262192968021E-05,1.05446836251727100E-01,2.56330009134815087E-02,4.79107295261472915E-02,8.31655639329969110E-01,0.00000000000000000E+00,0.00000000000000000E+00
7.30000000000000071E+00,6.70272078338204381E-03,4.19021925526990048E-05,6.29196619989849437E-01,4.21737623890038065E-05,3.66581038503951977E-08,4.62072200565812538E-02,2.44419399823903899E-01,1.26697828666472501E+00,1.94170165920550565E-02,9.99929065578205267E-01,3.34865186027642672E-03,2.77493726081465726E-02,4.51498015755049919E-07,2.56985052083416549E-06,1.51554659818808195E-05,9.78903221404214402E-02,2.58545791712702748E-02,4.78931433646263630E-02,8.32071571123917497E-01,0.00000000000000000E+00,0.00000000000000000E+00
7.40000000000000036E+00,6.61912717386405666E-03,4.09925525005126087E-05,6.35573004135420283E-01,4.20640380245966168E-05,3.61798315882164247E-08,4.63357731430483755E-02,2.40578228640962372E-01,1.25252012172212912E+00,2.15728427557286689E-02,9.99928349641114655E-01,3.38559630266797211E-03,2.77022839169294155E-02,4.45974797219694512E-07,2.50940822662192763E-06,1.44812666997777653E-05,9.06177600992040255E-02,2.60737849404412587E-02,4.78770082660714344E-02,8.32487710935762903E-01,0.00000000000000000E+00,0.00000000000000000E+00
7.50000000000000000E+00,6.53805903144824389E-03,4.01224928539708846E-05,6.41911620212037515E-01,4.19627048126974790E-05,3.57210919153757529E-08,4.64649436664860138E-02,2.36739495188386412E-01,1.23794769119767789E+00,2.39653446837746441E-02,9.99927608731008832E-01,3.42249979921565835E-03,2.76552730316433452E-02,4.40660844377006762E-07,2.45149964833799510E-06,1.39118535109451692E-05,8.36392965731573429E-02,2.62906562304627382E-02,4.78623159105945883E-02,8.32904058869539998E-01,0.00000000000000000E+00,0.00000000000000000E+00
7.60000000000000053E+00,6.45954440087524381E-03,3.92913045548635539E-05,6.48212565646798411E-01,4.18694205708164627E-05,3.52809597742800568E-08,4.65947363670389803E-02,2.32903275003134846E-01,1.22324906525721655E+00,2.66052344147431896E-02,9.99926841133362609E-01,3.45936260765410380E-03,2.76083398578965376E-02,4.35562077492787603E-07,2.39607195327433494E-06,1.34233117586544231E-05,7.69643960561460921E-02,2.65052305766533894E-02,4.78490581120502093E-02,8.33320615029336520E-01,0.00000000000000000E+00,0.00000000000000000E+00
7.70000000000000018E+00,6.38361985854982855E-03,3.84982770712983960E-05,6.54475926151730891E-01,4.17839623439840519E-05,3.48586479783721734E-08,4.67251560095852322E-02,2.29069647009615268E-01,1.20841340488641413E+00,2.95021450361201386E-02,9.99926045139860165E-01,3.49618498669179928E-03,2.75614843001717250E-02,4.30684281966552374E-07,2.34307389751747586E-06,1.29976795441259288E-05,7.06016324817492075E-02,2.67175450693937847E-02,4.78372268103956846E-02,8.33737379519291166E-01,0.00000000000000000E+00,0.00000000000000000E+00
7.80000000000000071E+00,6.31032869041914853E-03,3.77426811204781463E-05,6.60701777554570824E-01,4.17062216444605470E-05,3.44534961448339686E-08,4.68562073918970812E-02,2.25238693795888567E-01,1.19343107000698057E+00,3.26645227004292230E-02,9.99925219404460108E-01,3.53296719619290711E-03,2.75147062627010691E-02,4.26032950873334185E-07,2.29245495533811633E-06,1.26215930689658804E-05,6.45584294308959861E-02,2.69276363503777559E-02,4.78268140733765362E-02,8.34154352443595037E-01,0.00000000000000000E+00,0.00000000000000000E+00
7.90000000000000036E+00,6.23971880538314125E-03,3.70237525866391881E-05,6.66890187951519997E-01,4.16361970884406731E-05,3.40649570230493452E-08,4.69878953528326815E-02,2.21410501853566866E-01,1.17829363947958043E+00,3.60996065532490154E-02,9.99924360916424004E-01,3.56970949736338259E-03,2.74680056504307546E-02,4.21613111304045107E-07,2.24416435478643930E-06,1.22851326892511747E-05,5.88408029795705126E-02,2.71355406164417966E-02,4.78178120961536626E-02,8.34571533906491303E-01,0.00000000000000000E+00,0.00000000000000000E+00
8.00000000000000000E+00,6.17184046452593383E-03,3.63406766047277244E-05,6.73041220079258151E-01,4.15739852624287212E-05,3.36925841047581984E-08,4.71202247807504110E-02,2.17585161810805117E-01,1.16299387292238254E+00,3.98134667313649465E-02,9.99923468755806177E-01,3.60641215294202388E-03,2.74213823699951398E-02,4.17429140178128226E-07,2.19815010338286771E-06,1.19808757381421328E-05,5.34531083068229274E-02,2.73412936276956446E-02,4.78102131998051211E-02,8.34988924012275313E-01,0.00000000000000000E+00,0.00000000000000000E+00
8.09999999999999964E+00,6.10674409088989272E-03,3.56925745378457350E-05,6.79154933587090892E-01,4.15197720754171558E-05,3.33360180464261676E-08,4.72532006218310471E-02,2.13762768700489436E-01,1.14752564256458922E+00,4.38110724043016125E-02,9.99922541317192048E-01,3.64307542739744162E-03,2.73748363306046197E-02,4.13484581328502791E-07,2.15435810712867557E-06,1.17032583171262119E-05,4.83978049893993567E-02,2.75449307126615917E-02,4.78040098307338512E-02,8.35406522865294709E-01,0.00000000000000000E+00,0.00000000000000000E+00
8.20000000000000107E+00,6.04447806707150617E-03,3.50784921908189635E-05,6.85231387326451613E-01,4.14738234590890305E-05,3.29949761380701532E-08,4.73868278883317826E-02,2.09943422247997585E-01,1.13188384603344927E+00,4.80963788734428271E-02,9.99921572831469208E-01,3.67969958712055858E-03,2.73283674448841322E-02,4.09781968414413675E-07,2.11273134200884397E-06,1.14480852446519282E-05,4.36752535031630085E-02,2.77464867737375886E-02,4.77991945600561574E-02,8.35824330569949203E-01,0.00000000000000000E+00,0.00000000000000000E+00
8.30000000000000071E+00,5.98508656527776180E-03,3.44973924067945296E-05,6.91270641611271164E-01,4.14364754933545438E-05,3.26692389873450826E-08,4.75211116661329314E-02,2.06127227182481859E-01,1.11606430871045248E+00,5.26724250984421452E-02,9.99920568593978820E-01,3.71628490060491772E-03,2.72819756295394032E-02,4.06322661822253759E-07,2.07320920097891452E-06,1.12121711000968648E-05,3.92835610021290277E-02,2.79459962927766196E-02,4.77957600830306306E-02,8.36242347230690686E-01,0.00000000000000000E+00,0.00000000000000000E+00
8.40000000000000036E+00,5.92860748314373836E-03,3.39481500447559719E-05,6.97272760372439682E-01,4.14081240541297216E-05,3.23586425967402208E-08,4.76560571217054599E-02,2.02314293574049897E-01,1.10006368518617026E+00,5.75414321304114976E-02,9.99919522170291009E-01,3.75283163860402847E-03,2.72356608059252971E-02,4.03106710530511179E-07,2.03572694138202716E-06,1.09930700475632152E-05,3.52184891917034296E-02,2.81434933364442287E-02,4.77936992186060519E-02,8.36660572952023340E-01,0.00000000000000000E+00,0.00000000000000000E+00
8.50000000000000000E+00,5.87507053196269398E-03,3.34295532918131713E-05,7.03237813160820124E-01,4.13892139798544649E-05,3.20630633586120951E-08,4.77916695077049911E-02,1.98504737199979131E-01,1.08387936347574154E+00,6.27048987837321992E-02,9.99918430751515874E-01,3.78934007425708744E-03,2.71894229003543791E-02,4.00132747129016177E-07,2.00021539405303704E-06,1.07888783534482963E-05,3.14734379127617342E-02,2.83390115615889150E-02,4.77930049090200190E-02,8.37079007838503308E-01,0.00000000000000000E+00,0.00000000000000000E+00
8.59999999999999964E+00,5.82449553000312370E-03,3.29403072515617375E-05,7.09165876940066831E-01,4.13802279308412411E-05,3.17824114667999316E-08,4.79279541674086165E-02,1.94698679954075970E-01,1.06750937648164967E+00,6.81636900816558616E-02,9.99917291612467340E-01,3.82581048317781136E-03,2.71432618442250112E-02,3.97397922813932677E-07,1.96660085465528657E-06,1.05980872326052869E-05,2.80395060897028654E-02,2.85325842198290575E-02,4.77936702196734842E-02,8.37497651994739911E-01,0.00000000000000000E+00,0.00000000000000000E+00
8.70000000000000107E+00,5.77689111388562503E-03,3.24790445604062464E-05,7.15057037485320790E-01,4.13816748184978500E-05,3.15166196736701692E-08,4.80649165364357978E-02,1.90896250217575142E-01,1.05095231543310086E+00,7.39181236067855268E-02,9.99916102866327483E-01,3.86224314346884012E-03,2.70971775738394899E-02,3.94897906389374531E-07,1.93480527850043678E-06,1.04194724550800138E-05,2.49056580090817326E-02,2.87242441664313057E-02,4.77956883376992811E-02,8.37916505525393984E-01,0.00000000000000000E+00,0.00000000000000000E+00
8.80000000000000071E+00,5.73225345718523550E-03,3.20443360463591899E-05,7.20911390705534449E-01,4.13940787823110416E-05,3.12656348460979016E-08,4.82025621452367992E-02,1.87097583458731148E-01,1.03420726665342033E+00,7.99680328323007089E-02,9.99914861924381060E-01,3.89863833575556599E-03,2.70511700301226815E-02,3.92626893232652046E-07,1.90474659001041784E-06,1.02520194210879062E-05,2.20589088088716731E-02,2.89140238579511412E-02,4.77990525740053379E-02,8.38335568535178877E-01,0.00000000000000000E+00,0.00000000000000000E+00
8.90000000000000036E+00,5.69056585946649783E-03,3.16347095242513324E-05,7.26729043187523738E-01,4.14179675405908047E-05,3.10294095438338584E-08,4.83408966158960299E-02,1.83302822596221882E-01,1.01727373532177734E+00,8.63128430115684131E-02,9.99913565127782733E-01,3.93499634306674131E-03,2.70052391579193932E-02,3.90577725235271713E-07,1.87633938744142273E-06,1.00948602125630531E-05,1.94846585310096132E-02,2.91019553661167087E-02,4.78037563602838680E-02,8.38754841128860007E-01,0.00000000000000000E+00,0.00000000000000000E+00
9.00000000000000000E+00,5.65179828493255973E-03,3.12486661385670599E-05,7.32510112695832105E-01,4.14538619797545055E-05,3.08078948345885638E-08,4.84799256607707438E-02,1.79512118670605403E-01,1.00015159708536872E+00,9.29516196360038738E-02,9.99912209998976675E-01,3.97131745076370266E-03,2.69593849052808705E-02,3.88742000839570509E-07,1.84949567752482302E-06,9.94723614474960982E-06,1.71669959512744941E-02,2.92880703764751664E-02,4.78097932506910059E-02,8.39174323411255751E-01,0.00000000000000000E+00,0.00000000000000000E+00
9.09999999999999964E+00,5.61590749429768075E-03,3.08847003129675941E-05,7.38254728114312364E-01,4.15022655954237703E-05,3.06010335689698823E-08,4.86196550777481876E-02,1.75725631479816513E-01,9.82841046938676688E-01,9.98831194457345944E-02,9.99910792794395098E-01,4.00760194638328376E-03,2.69136072225123514E-02,3.87110254952482989E-07,1.82412583645617886E-06,9.80846685957356449E-06,1.50890780290686144E-02,2.94724001936296429E-02,4.78171569214991959E-02,8.39594015487237111E-01,0.00000000000000000E+00,0.00000000000000000E+00
9.20000000000000107E+00,5.58283784244138943E-03,3.05413193682582706E-05,7.43963028756797873E-01,4.15636561593529821E-05,3.04087554931996201E-08,4.87600907429290367E-02,1.71943530034077086E-01,9.65342551059575338E-01,1.07105838257144453E-01,9.99909309846149785E-01,4.04385011941581392E-03,2.68679060611320825E-02,3.85672175624199583E-07,1.80013964040009023E-06,9.67792980829485115E-06,1.32335074701224794E-02,2.96549757544823656E-02,4.78258411680018841E-02,8.40013917461726711E-01,0.00000000000000000E+00,0.00000000000000000E+00
9.30000000000000071E+00,5.55252181496456668E-03,3.02170607313807149E-05,7.49635163838616614E-01,4.16384768663925550E-05,3.02309722312080047E-08,4.89012386059349338E-02,1.68165993539174413E-01,9.47656816715234829E-01,1.14618041215764591E-01,9.99907757154745891E-01,4.08006226115319257E-03,2.68222813728525057E-02,3.84416803550863742E-07,1.77744729948072325E-06,9.55504791077209630E-06,1.15826820189719043E-02,2.98358276237593867E-02,4.78358399071238116E-02,8.40434029439700137E-01,0.00000000000000000E+00,0.00000000000000000E+00
9.40000000000000036E+00,5.52488125047087553E-03,2.99105074995136556E-05,7.55271291323444172E-01,4.17271299389089254E-05,3.00675741231633268E-08,4.90431046821991137E-02,1.64393212092666746E-01,9.29784759504926672E-01,1.22417795354626033E-01,9.99906130341874366E-01,4.11623866446932021E-03,2.67767331085964934E-02,3.83332757580037390E-07,1.75596043065001481E-06,9.43928071135089145E-06,1.01191187293327364E-02,3.00149860022870217E-02,4.78471471757758726E-02,8.40854351526185262E-01,0.00000000000000000E+00,0.00000000000000000E+00
9.50000000000000000E+00,5.49982877769077116E-03,2.96203022009896262E-05,7.60871576547309747E-01,4.18299712954236637E-05,2.99184278478617201E-08,4.91856950451099936E-02,1.60625387507874667E-01,9.11727474328931753E-01,1.30502998445341328E-01,9.99904424740360009E-01,4.15237962360268196E-03,2.67312612175502375E-02,3.82408459154321531E-07,1.73559299106494206E-06,9.33011855141763033E-06,8.82574726384737461E-03,3.01924807346159486E-02,4.78597571293747567E-02,8.41274883826262032E-01,0.00000000000000000E+00,0.00000000000000000E+00
9.60000000000000142E+00,5.47726901768059125E-03,2.93451576916909745E-05,7.66436190996137023E-01,4.19473049407191094E-05,2.97833739366583827E-08,4.93290158208916085E-02,1.56862734690678102E-01,8.93486218605065607E-01,1.38871396010729453E-01,9.99902635242219118E-01,4.18848543401141148E-03,2.66858656462904409E-02,3.81632329215173568E-07,1.71626215760362006E-06,9.22708072373493045E-06,7.68616063239355250E-03,3.03683413020823523E-02,4.78736640450958609E-02,8.41695626445064460E-01,0.00000000000000000E+00,0.00000000000000000E+00
9.70000000000000107E+00,5.45710056544408163E-03,2.90838632301687520E-05,7.71965310447136122E-01,4.20793825761896830E-05,2.96622277031029854E-08,4.94730731794465473E-02,1.53105482138861104E-01,8.75062384936752147E-01,1.47520608073860304E-01,9.99900756153059733E-01,4.22455639214455725E-03,2.66405463382312531E-02,3.80992972257135175E-07,1.69788883497324025E-06,9.12971246123456398E-06,6.68477251089738544E-03,3.05425968446469791E-02,4.78888623154597459E-02,8.42116579487777850E-01,0.00000000000000000E+00,0.00000000000000000E+00
9.80000000000000071E+00,5.43921725948323751E-03,2.88352902925611524E-05,7.77459113670645352E-01,4.22264006195545712E-05,2.95547784690162126E-08,4.96178733309392550E-02,1.49353873561416051E-01,8.56457490240658981E-01,1.56448140263416413E-01,9.99898781578123397E-01,4.26059279534517742E-03,2.65953032330118397E-02,3.80479322268441899E-07,1.68039826951986245E-06,9.03758538188096583E-06,5.80697076974760317E-03,3.07152761537838812E-02,4.79053464514961128E-02,8.42537743059640354E-01,0.00000000000000000E+00,0.00000000000000000E+00
9.90000000000000036E+00,5.42350968235248785E-03,2.85983937689216471E-05,7.82917780965854959E-01,4.23885003094378620E-05,2.94607903981121696E-08,4.97634225208110556E-02,1.45608169068150328E-01,8.37673162030103557E-01,1.65651397380492671E-01,9.99896705056105950E-01,4.29659494173358688E-03,2.65501362661813463E-02,3.80080761533720761E-07,1.66372034166038716E-06,8.95029700861347106E-06,5.03919193414542350E-03,3.08864076788726051E-02,4.79231110813176167E-02,8.42959117265943192E-01,0.00000000000000000E+00,0.00000000000000000E+00
1.00000000000000000E+01,5.40986687967539258E-03,2.83722122226944777E-05,7.88341492497487639E-01,4.25657693414997304E-05,2.93800046868133470E-08,4.99097270248337957E-02,1.41868646593938635E-01,8.18711123072278890E-01,1.75127698480523813E-01,9.99894518027618528E-01,4.33256313009250729E-03,2.65050453689769927E-02,3.79787226305128092E-07,1.64778975511127146E-06,8.86747019652615411E-06,4.36896414237820767E-03,3.10560195376763624E-02,4.79421509473848956E-02,8.43380702212029654E-01,0.00000000000000000E+00,0.00000000000000000E+00
